[
  {
    "pk": 25, 
    "model": "workflows.category", 
    "fields": {
      "uid": "4b74b12d-4767-45b1-9bb3-8872234b01fe", 
      "parent": null, 
      "workflow": null, 
      "user": null, 
      "order": 1, 
      "name": "Data In/Out"
    }
  }, 
  {
    "pk": 154, 
    "model": "workflows.abstractwidget", 
    "fields": {
      "category": 25, 
      "treeview_image": "", 
      "name": "Load Document Corpus From String", 
      "is_streaming": false, 
      "uid": "6a3db55b-a30c-4bad-8665-550eb6e26ffe", 
      "interaction_view": "", 
      "image": "", 
      "package": "nltk", 
      "static_image": "", 
      "windows_queue": false, 
      "post_interact_action": "", 
      "user": null, 
      "visualization_view": "", 
      "streaming_visualization_view": "", 
      "action": "load_adcfrom_string", 
      "wsdl_method": "", 
      "wsdl": "", 
      "interactive": false, 
      "has_progress_bar": false, 
      "order": 1, 
      "description": "This widges processes raw text file and loads the texts into ADC (Annotated Document Corpus) structure. The input file contains one document per line - the whole line represents text from the body of a document. In case lines contain more document properties (i.e.: ids, titles, labels,...) than other widgets should be used to load ADC structure."
    }
  }, 
  {
    "pk": 400, 
    "model": "workflows.abstractinput", 
    "fields": {
      "widget": 154, 
      "name": "String", 
      "short_name": "str", 
      "uid": "29b01919-6756-4ba5-b796-15f00879e228", 
      "default": "", 
      "required": true, 
      "multi": false, 
      "parameter_type": "textarea", 
      "variable": "plainString", 
      "parameter": false, 
      "order": 1, 
      "description": "Input Text String: Contains one document per line - the whole line represents text from the body of a document."
    }
  }, 
  {
    "pk": 401, 
    "model": "workflows.abstractinput", 
    "fields": {
      "widget": 154, 
      "name": "Text before the first tabulator [/t] represents the title of a document", 
      "short_name": "bol", 
      "uid": "a84b5c10-8283-4e51-bf2b-1ab5463c09be", 
      "default": "false", 
      "required": true, 
      "multi": false, 
      "parameter_type": "checkbox", 
      "variable": "tabSeparatedTitle", 
      "parameter": true, 
      "order": 1, 
      "description": "System.Boolean"
    }
  }, 
  {
    "pk": 402, 
    "model": "workflows.abstractinput", 
    "fields": {
      "widget": 154, 
      "name": "First words in a line (after optional title) with preceding exclamation (!) present labels", 
      "short_name": "bol", 
      "uid": "917a7c25-695a-4cdb-a578-659ba5ed7cf2", 
      "default": "false", 
      "required": true, 
      "multi": false, 
      "parameter_type": "checkbox", 
      "variable": "leadingLabels", 
      "parameter": true, 
      "order": 1, 
      "description": "System.Boolean"
    }
  }, 
  {
    "pk": 160, 
    "model": "workflows.abstractoutput", 
    "fields": {
      "widget": 154, 
      "name": "Annotated Document Corpus", 
      "short_name": "adc", 
      "variable": "adc", 
      "uid": "23bd7cd5-2928-4efa-bb6f-a6403d7939c6", 
      "order": 1, 
      "description": ""
    }
  }, 
  {
    "pk": 144, 
    "model": "workflows.abstractwidget", 
    "fields": {
      "category": 25, 
      "treeview_image": "", 
      "name": "Load Document Corpus From File", 
      "is_streaming": false, 
      "uid": "97886166-315b-4f6a-beb8-4c8e2e5fcdfe", 
      "interaction_view": "", 
      "image": "", 
      "package": "nltk", 
      "static_image": "load_adc_from_file_image.png", 
      "windows_queue": false, 
      "post_interact_action": "", 
      "user": null, 
      "visualization_view": "", 
      "streaming_visualization_view": "", 
      "action": "load_adc", 
      "wsdl_method": "", 
      "wsdl": "", 
      "interactive": false, 
      "has_progress_bar": false, 
      "order": 4, 
      "description": "This widges processes raw text file and loads the texts into ADC (Annotated Document Corpus) structure. The input file contains one document per line - the whole line represents text from the body of a document. In case lines contain more document properties (i.e.: ids, titles, labels,...) than other widgets should be used to load ADC structure."
    }
  }, 
  {
    "pk": 371, 
    "model": "workflows.abstractinput", 
    "fields": {
      "widget": 144, 
      "name": "Raw Text File", 
      "short_name": "fil", 
      "uid": "4f703f50-06e9-4595-835f-4bb8b826754b", 
      "default": "", 
      "required": false, 
      "multi": false, 
      "parameter_type": null, 
      "variable": "file", 
      "parameter": false, 
      "order": 1, 
      "description": "Input Text File: Contains one document per line - the whole line represents text from the body of a document."
    }
  }, 
  {
    "pk": 372, 
    "model": "workflows.abstractinput", 
    "fields": {
      "widget": 144, 
      "name": "Text before the first tabulator [/t] represents the title of a document", 
      "short_name": "bol", 
      "uid": "b9ec0a50-99fe-4ee3-bceb-ec6320331aa1", 
      "default": "false", 
      "required": true, 
      "multi": false, 
      "parameter_type": "checkbox", 
      "variable": "tabSeparatedTitle", 
      "parameter": true, 
      "order": 2, 
      "description": "System.Boolean"
    }
  }, 
  {
    "pk": 373, 
    "model": "workflows.abstractinput", 
    "fields": {
      "widget": 144, 
      "name": "First words in a line (after optional title) with preceding exclamation (!) present labels", 
      "short_name": "bol", 
      "uid": "1d0aad77-783b-4cc5-a81f-584a1e4d5b25", 
      "default": "false", 
      "required": true, 
      "multi": false, 
      "parameter_type": "checkbox", 
      "variable": "leadingLabels", 
      "parameter": true, 
      "order": 3, 
      "description": "System.Boolean"
    }
  }, 
  {
    "pk": 150, 
    "model": "workflows.abstractoutput", 
    "fields": {
      "widget": 144, 
      "name": "Annotated Document Corpus", 
      "short_name": "adc", 
      "variable": "adc", 
      "uid": "864d3185-cea3-408e-83d4-6890bfdb523e", 
      "order": 1, 
      "description": ""
    }
  }, 
  {
    "pk": 26, 
    "model": "workflows.category", 
    "fields": {
      "uid": "d41c87c3-c0c9-4073-8328-d4c6d5e8f185", 
      "parent": null, 
      "workflow": null, 
      "user": null, 
      "order": 2, 
      "name": "Document Corpus"
    }
  }, 
  {
    "pk": 145, 
    "model": "workflows.abstractwidget", 
    "fields": {
      "category": 26, 
      "treeview_image": "", 
      "name": "Display Document Corpus", 
      "is_streaming": false, 
      "uid": "b3455583-abb0-4a26-ba2f-8396eac6b21a", 
      "interaction_view": "", 
      "image": "", 
      "package": "nltk", 
      "static_image": "view_adc_image.png", 
      "windows_queue": false, 
      "post_interact_action": "", 
      "user": null, 
      "visualization_view": "show_adc", 
      "streaming_visualization_view": "", 
      "action": "show_adc", 
      "wsdl_method": "", 
      "wsdl": "", 
      "interactive": false, 
      "has_progress_bar": false, 
      "order": 1, 
      "description": "Automatically generated widget from function DisplayDocumentCorpus_PYTHON in package latino. The original function signature: DisplayDocumentCorpus_PYTHON."
    }
  }, 
  {
    "pk": 374, 
    "model": "workflows.abstractinput", 
    "fields": {
      "widget": 145, 
      "name": "Annotated Document Corpus", 
      "short_name": "adc", 
      "uid": "d4ffbff2-8055-454b-99db-254a9f6264b6", 
      "default": "", 
      "required": true, 
      "multi": false, 
      "parameter_type": null, 
      "variable": "adc", 
      "parameter": false, 
      "order": 1, 
      "description": "LatinoClowdFlows.DocumentCorpus"
    }
  }, 
  {
    "pk": 27, 
    "model": "workflows.category", 
    "fields": {
      "uid": "bb196a4d-7235-475d-bb4a-8210564f9c37", 
      "parent": null, 
      "workflow": null, 
      "user": null, 
      "order": 3, 
      "name": "Tokenization"
    }
  }, 
  {
    "pk": 146, 
    "model": "workflows.abstractwidget", 
    "fields": {
      "category": 27, 
      "treeview_image": "", 
      "name": "Tokenizer Hub", 
      "is_streaming": false, 
      "uid": "737f32f0-033d-4455-8c82-28679393e998", 
      "interaction_view": "", 
      "image": "", 
      "package": "nltk", 
      "static_image": "token_word_do_image.png", 
      "windows_queue": false, 
      "post_interact_action": "", 
      "user": null, 
      "visualization_view": "", 
      "streaming_visualization_view": "", 
      "action": "tokenizer_hub", 
      "wsdl_method": "", 
      "wsdl": "", 
      "interactive": false, 
      "has_progress_bar": false, 
      "order": 7, 
      "description": "TODO"
    }
  }, 
  {
    "pk": 375, 
    "model": "workflows.abstractinput", 
    "fields": {
      "widget": 146, 
      "name": "Annotated Document Corpus", 
      "short_name": "adc", 
      "uid": "5e0eedbe-5d93-4fb2-abf6-4f9deeb555a5", 
      "default": "", 
      "required": true, 
      "multi": false, 
      "parameter_type": null, 
      "variable": "adc", 
      "parameter": false, 
      "order": 1, 
      "description": "LatinoClowdFlows.DocumentCorpus"
    }
  }, 
  {
    "pk": 376, 
    "model": "workflows.abstractinput", 
    "fields": {
      "widget": 146, 
      "name": "Tokenizer", 
      "short_name": "tkn", 
      "uid": "15bf0ab2-491e-4c44-aaf9-53206cc3a54f", 
      "default": "", 
      "required": true, 
      "multi": false, 
      "parameter_type": null, 
      "variable": "tokenizer", 
      "parameter": false, 
      "order": 2, 
      "description": "Latino.TextMining.ITokenizer"
    }
  }, 
  {
    "pk": 377, 
    "model": "workflows.abstractinput", 
    "fields": {
      "widget": 146, 
      "name": "Annotation to be tokenized", 
      "short_name": "ann", 
      "uid": "83118f55-9ef7-4710-9217-627ccbd52df3", 
      "default": "TextBlock", 
      "required": true, 
      "multi": false, 
      "parameter_type": "text", 
      "variable": "inputAnnotation", 
      "parameter": true, 
      "order": 3, 
      "description": "Which annotated part of document to be splited"
    }
  }, 
  {
    "pk": 378, 
    "model": "workflows.abstractinput", 
    "fields": {
      "widget": 146, 
      "name": "Annotation to be produced", 
      "short_name": "ann", 
      "uid": "73e438f5-8d6f-43a3-a3d4-1df23c496a98", 
      "default": "Token", 
      "required": true, 
      "multi": false, 
      "parameter_type": "text", 
      "variable": "outputAnnotation", 
      "parameter": true, 
      "order": 4, 
      "description": "How to annotate found sentences"
    }
  }, 
  {
    "pk": 151, 
    "model": "workflows.abstractoutput", 
    "fields": {
      "widget": 146, 
      "name": "Annotated Document Corpus", 
      "short_name": "adc", 
      "variable": "adc", 
      "uid": "313ad85a-aa64-4212-a870-0d010df62695", 
      "order": 1, 
      "description": ""
    }
  }, 
  {
    "pk": 28, 
    "model": "workflows.category", 
    "fields": {
      "uid": "b0ce2ce4-16e8-4f9c-9874-238066c20fea", 
      "parent": 27, 
      "workflow": null, 
      "user": null, 
      "order": 1, 
      "name": "Nltk"
    }
  }, 
  {
    "pk": 147, 
    "model": "workflows.abstractwidget", 
    "fields": {
      "category": 28, 
      "treeview_image": "", 
      "name": "Punkt Sentence Tokenizer", 
      "is_streaming": false, 
      "uid": "9d5ffbb4-3047-4f58-bd2c-c91a44b430be", 
      "interaction_view": "", 
      "image": "", 
      "package": "nltk", 
      "static_image": "token_word_image.png", 
      "windows_queue": false, 
      "post_interact_action": "", 
      "user": null, 
      "visualization_view": "", 
      "streaming_visualization_view": "", 
      "action": "nltk_punkt_sentence_tokenizer", 
      "wsdl_method": "", 
      "wsdl": "", 
      "interactive": false, 
      "has_progress_bar": false, 
      "order": 6, 
      "description": "A sentence tokenizer which uses an unsupervised algorithm to build a model for abbreviation words, collocations, and words that start sentences; and then uses that model to find sentence boundaries. This approach has been shown to work well for many European languages."
    }
  }, 
  {
    "pk": 152, 
    "model": "workflows.abstractoutput", 
    "fields": {
      "widget": 147, 
      "name": "Tokenizer", 
      "short_name": "tkn", 
      "variable": "tokenizer", 
      "uid": "afe78641-95a9-4169-a94f-8856e201f6b1", 
      "order": 1, 
      "description": ""
    }
  }, 
  {
    "pk": 148, 
    "model": "workflows.abstractwidget", 
    "fields": {
      "category": 28, 
      "treeview_image": "", 
      "name": "Treebank Word Tokenizer", 
      "is_streaming": false, 
      "uid": "30e18e0a-8330-4f4d-b1dd-dcd06aeec2ae", 
      "interaction_view": "", 
      "image": "", 
      "package": "nltk", 
      "static_image": "token_word_image.png", 
      "windows_queue": false, 
      "post_interact_action": "", 
      "user": null, 
      "visualization_view": "", 
      "streaming_visualization_view": "", 
      "action": "nltk_treebank_word_tokenizer", 
      "wsdl_method": "", 
      "wsdl": "", 
      "interactive": false, 
      "has_progress_bar": false, 
      "order": 6, 
      "description": "    The Treebank tokenizer uses regular expressions to tokenize text as in Penn Treebank.\r\n    This is the method that is invoked by ``word_tokenize()``.  It assumes that the\r\n    text has already been segmented into sentences, e.g. using ``sent_tokenize()``.\r\n\r\n    This tokenizer performs the following steps:\r\n\r\n    - split standard contractions, e.g. ``don't`` -> ``do n't`` and ``they'll`` -> ``they 'll``\r\n    - treat most punctuation characters as separate tokens\r\n    - split off commas and single quotes, when followed by whitespace\r\n    - separate periods that appear at the end of line\r\n\r\n        >>> from nltk.tokenize import TreebankWordTokenizer\r\n        >>> s = '''Good muffins cost $3.88\\\\nin New York.  Please buy me\\\\ntwo of them.\\\\n\\\\nThanks.'''\r\n        >>> TreebankWordTokenizer().tokenize(s)\r\n        ['Good', 'muffins', 'cost', '$', '3.88', 'in', 'New', 'York.',\r\n        'Please', 'buy', 'me', 'two', 'of', 'them', '.', 'Thanks', '.']\r\n        >>> s = \"They'll save and invest more.\"\r\n        >>> TreebankWordTokenizer().tokenize(s)\r\n        ['They', \"'ll\", 'save', 'and', 'invest', 'more', '.']\r\n\r\n    NB. this tokenizer assumes that the text is presented as one sentence per line,\r\n    where each line is delimited with a newline character.\r\n    The only periods to be treated as separate tokens are those appearing\r\n    at the end of a line."
    }
  }, 
  {
    "pk": 379, 
    "model": "workflows.abstractinput", 
    "fields": {
      "widget": 148, 
      "name": "Type", 
      "short_name": "typ", 
      "uid": "39bda283-65a9-4d87-bc12-5f62fd43b38c", 
      "default": "AllChars", 
      "required": true, 
      "multi": false, 
      "parameter_type": "select", 
      "variable": "type", 
      "parameter": true, 
      "order": 1, 
      "description": "Latino.TextMining.TokenizerType"
    }
  }, 
  {
    "pk": 153, 
    "model": "workflows.abstractoutput", 
    "fields": {
      "widget": 148, 
      "name": "Tokenizer", 
      "short_name": "tkn", 
      "variable": "tokenizer", 
      "uid": "b2812153-04ac-47d3-ab6f-4147e6fccb4f", 
      "order": 1, 
      "description": ""
    }
  }, 
  {
    "pk": 29, 
    "model": "workflows.category", 
    "fields": {
      "uid": "6091637f-b3cd-4559-b525-18357b02dbc2", 
      "parent": null, 
      "workflow": null, 
      "user": null, 
      "order": 5, 
      "name": "Bag of Words"
    }
  }, 
  {
    "pk": 149, 
    "model": "workflows.abstractwidget", 
    "fields": {
      "category": 29, 
      "treeview_image": "", 
      "name": "BOW Model and Dataset", 
      "is_streaming": false, 
      "uid": "c745f516-55b3-498b-97f5-841b63b90ea8", 
      "interaction_view": "", 
      "image": "", 
      "package": "nltk", 
      "static_image": "bow_space_image.png", 
      "windows_queue": false, 
      "post_interact_action": "", 
      "user": null, 
      "visualization_view": "", 
      "streaming_visualization_view": "", 
      "action": "construct_bow_space", 
      "wsdl_method": "", 
      "wsdl": "", 
      "interactive": false, 
      "has_progress_bar": false, 
      "order": 1, 
      "description": "Automatically generated widget from function ConstructBowSpace in package latino. The original function signature: ConstructBowSpace."
    }
  }, 
  {
    "pk": 380, 
    "model": "workflows.abstractinput", 
    "fields": {
      "widget": 149, 
      "name": "Annotated Document Corpus", 
      "short_name": "adc", 
      "uid": "7cb2daa0-2a41-4fd1-9784-b5ce800984f2", 
      "default": "", 
      "required": true, 
      "multi": false, 
      "parameter_type": "textarea", 
      "variable": "adc", 
      "parameter": false, 
      "order": 1, 
      "description": "LatinoClowdFlows.DocumentCorpus"
    }
  }, 
  {
    "pk": 381, 
    "model": "workflows.abstractinput", 
    "fields": {
      "widget": 149, 
      "name": "Token Annotation", 
      "short_name": "str", 
      "uid": "f40410c6-6121-46b4-bd00-46a4a83730b0", 
      "default": "Token", 
      "required": true, 
      "multi": false, 
      "parameter_type": "text", 
      "variable": "tokenId", 
      "parameter": true, 
      "order": 2, 
      "description": "System.String"
    }
  }, 
  {
    "pk": 382, 
    "model": "workflows.abstractinput", 
    "fields": {
      "widget": 149, 
      "name": "Stem Feature Name", 
      "short_name": "str", 
      "uid": "686e457b-9e5d-4a64-aa0a-f82b554fa977", 
      "default": "stem", 
      "required": true, 
      "multi": false, 
      "parameter_type": "text", 
      "variable": "stemId", 
      "parameter": true, 
      "order": 3, 
      "description": "System.String"
    }
  }, 
  {
    "pk": 383, 
    "model": "workflows.abstractinput", 
    "fields": {
      "widget": 149, 
      "name": "Stopword Feature Name", 
      "short_name": "str", 
      "uid": "b5ca48ce-85e7-4192-b175-f12e506e4dbc", 
      "default": "stopword", 
      "required": true, 
      "multi": false, 
      "parameter_type": "text", 
      "variable": "stopwordId", 
      "parameter": true, 
      "order": 4, 
      "description": "System.String"
    }
  }, 
  {
    "pk": 384, 
    "model": "workflows.abstractinput", 
    "fields": {
      "widget": 149, 
      "name": "Label Document Feature Name", 
      "short_name": "str", 
      "uid": "1116208b-cf40-4de9-9253-2eeb99eed1f7", 
      "default": "label", 
      "required": true, 
      "multi": false, 
      "parameter_type": "text", 
      "variable": "labelId", 
      "parameter": true, 
      "order": 5, 
      "description": "System.String"
    }
  }, 
  {
    "pk": 385, 
    "model": "workflows.abstractinput", 
    "fields": {
      "widget": 149, 
      "name": "Maximum N-Gram Length", 
      "short_name": "int", 
      "uid": "f67756f7-6e1d-419c-b766-75ee38a766d1", 
      "default": "2", 
      "required": true, 
      "multi": false, 
      "parameter_type": "text", 
      "variable": "maxNGramLen", 
      "parameter": true, 
      "order": 6, 
      "description": "System.Int32"
    }
  }, 
  {
    "pk": 386, 
    "model": "workflows.abstractinput", 
    "fields": {
      "widget": 149, 
      "name": "Minimum Word Freqency", 
      "short_name": "dbl", 
      "uid": "c3f73c01-adc5-4c1b-b70f-b302dba2faf3", 
      "default": "5", 
      "required": true, 
      "multi": false, 
      "parameter_type": "text", 
      "variable": "minWordFreq", 
      "parameter": true, 
      "order": 7, 
      "description": "System.Int32"
    }
  }, 
  {
    "pk": 387, 
    "model": "workflows.abstractinput", 
    "fields": {
      "widget": 149, 
      "name": "Word Weighting Type", 
      "short_name": "wwt", 
      "uid": "2b646850-585b-4ed7-aa70-ea0f6050e207", 
      "default": "TfIdf", 
      "required": true, 
      "multi": false, 
      "parameter_type": "select", 
      "variable": "wordWeightType", 
      "parameter": true, 
      "order": 8, 
      "description": "Latino.TextMining.WordWeightType"
    }
  }, 
  {
    "pk": 388, 
    "model": "workflows.abstractinput", 
    "fields": {
      "widget": 149, 
      "name": "Cut Low Weights Percentage", 
      "short_name": "dbl", 
      "uid": "06b45eac-4346-4167-8dd6-041e483d2be4", 
      "default": "0.2", 
      "required": true, 
      "multi": false, 
      "parameter_type": "text", 
      "variable": "cutLowWeightsPerc", 
      "parameter": true, 
      "order": 9, 
      "description": "System.Double"
    }
  }, 
  {
    "pk": 389, 
    "model": "workflows.abstractinput", 
    "fields": {
      "widget": 149, 
      "name": "Normalize Vectors", 
      "short_name": "bol", 
      "uid": "c864e2cd-665d-4cda-bbb7-a2b63885371c", 
      "default": "true", 
      "required": true, 
      "multi": false, 
      "parameter_type": "checkbox", 
      "variable": "normalizeVectors", 
      "parameter": true, 
      "order": 10, 
      "description": "System.Boolean"
    }
  }, 
  {
    "pk": 154, 
    "model": "workflows.abstractoutput", 
    "fields": {
      "widget": 149, 
      "name": "Bag of Words Model", 
      "short_name": "bow", 
      "variable": "bow", 
      "uid": "ab156b78-7b84-4aae-a530-ca0400608e0d", 
      "order": 1, 
      "description": ""
    }
  }, 
  {
    "pk": 155, 
    "model": "workflows.abstractoutput", 
    "fields": {
      "widget": 149, 
      "name": "Dataset", 
      "short_name": "ds", 
      "variable": "ds", 
      "uid": "df4f880a-cbaf-408f-a985-0cfa29fa6a6e", 
      "order": 2, 
      "description": ""
    }
  }, 
  {
    "pk": 30, 
    "model": "workflows.category", 
    "fields": {
      "uid": "57cfe571-165d-4575-90d9-28daf794e773", 
      "parent": null, 
      "workflow": null, 
      "user": null, 
      "order": 6, 
      "name": "Dataset"
    }
  }, 
  {
    "pk": 150, 
    "model": "workflows.abstractwidget", 
    "fields": {
      "category": 30, 
      "treeview_image": "", 
      "name": "Add Labels", 
      "is_streaming": false, 
      "uid": "37acf878-eea5-4d81-9b60-bcfd6dd7ed51", 
      "interaction_view": "", 
      "image": "", 
      "package": "nltk", 
      "static_image": "dataset_add_labels_image.png", 
      "windows_queue": false, 
      "post_interact_action": "", 
      "user": null, 
      "visualization_view": "", 
      "streaming_visualization_view": "", 
      "action": "add_labels_to_document_vectors", 
      "wsdl_method": "", 
      "wsdl": "", 
      "interactive": false, 
      "has_progress_bar": false, 
      "order": 1, 
      "description": "Automatically generated widget from function AddLabelsToDocumentVectors in package latino. The original function signature: AddLabelsToDocumentVectors."
    }
  }, 
  {
    "pk": 390, 
    "model": "workflows.abstractinput", 
    "fields": {
      "widget": 150, 
      "name": "Dataset", 
      "short_name": "ds", 
      "uid": "9f466a6e-1a73-4cd5-8ae5-1bf634daaefc", 
      "default": "", 
      "required": true, 
      "multi": false, 
      "parameter_type": null, 
      "variable": "ds", 
      "parameter": false, 
      "order": 1, 
      "description": "Latino.Model.LabeledDataset`2[[System.String, mscorlib, Version=4.0.0.0, Culture=neutral, PublicKeyToken=b77a5c561934e089],[Latino.SparseVector`1[[System.Double, mscorlib, Version=4.0.0.0, Culture=neutral, PublicKeyToken=b77a5c561934e089]], Latino, Version=1.0.0.0, Culture=neutral, PublicKeyToken=null]]"
    }
  }, 
  {
    "pk": 391, 
    "model": "workflows.abstractinput", 
    "fields": {
      "widget": 150, 
      "name": "Labeles (Array of Strings)", 
      "short_name": "str", 
      "uid": "eb8485af-ea8c-4feb-ae41-dbb76a52a807", 
      "default": "", 
      "required": true, 
      "multi": false, 
      "parameter_type": "textarea", 
      "variable": "labels", 
      "parameter": false, 
      "order": 2, 
      "description": "System.Collections.Generic.List`1[[System.String, mscorlib, Version=4.0.0.0, Culture=neutral, PublicKeyToken=b77a5c561934e089]]"
    }
  }, 
  {
    "pk": 156, 
    "model": "workflows.abstractoutput", 
    "fields": {
      "widget": 150, 
      "name": "Dataset", 
      "short_name": "ds", 
      "variable": "ds", 
      "uid": "a5f5d324-1f48-4223-911a-889736b53a90", 
      "order": 1, 
      "description": ""
    }
  }, 
  {
    "pk": 31, 
    "model": "workflows.category", 
    "fields": {
      "uid": "5a2a3054-1e34-4e51-851e-85baaee020d4", 
      "parent": null, 
      "workflow": null, 
      "user": null, 
      "order": 7, 
      "name": "Similarity Matrix"
    }
  }, 
  {
    "pk": 151, 
    "model": "workflows.abstractwidget", 
    "fields": {
      "category": 31, 
      "treeview_image": "", 
      "name": "Calculate Similarity Matrix", 
      "is_streaming": false, 
      "uid": "911c9ae2-ff54-437b-bd18-faba2d010473", 
      "interaction_view": "", 
      "image": "", 
      "package": "nltk", 
      "static_image": "calc_sim_matrix_image.png", 
      "windows_queue": false, 
      "post_interact_action": "", 
      "user": null, 
      "visualization_view": "", 
      "streaming_visualization_view": "", 
      "action": "calculate_similarity_matrix", 
      "wsdl_method": "", 
      "wsdl": "", 
      "interactive": false, 
      "has_progress_bar": false, 
      "order": 1, 
      "description": "Automatically generated widget from function CalculateSimilarityMatrix in package latino. The original function signature: CalculateSimilarityMatrix."
    }
  }, 
  {
    "pk": 392, 
    "model": "workflows.abstractinput", 
    "fields": {
      "widget": 151, 
      "name": "Dataset", 
      "short_name": "ds", 
      "uid": "835ffa43-4cfc-48e4-a2d7-71cc01c47205", 
      "default": "", 
      "required": true, 
      "multi": false, 
      "parameter_type": null, 
      "variable": "ds1", 
      "parameter": false, 
      "order": 1, 
      "description": "Latino.Model.IUnlabeledExampleCollection`1[[Latino.SparseVector`1[[System.Double, mscorlib, Version=4.0.0.0, Culture=neutral, PublicKeyToken=b77a5c561934e089]], Latino, Version=1.0.0.0, Culture=neutral, PublicKeyToken=null]]"
    }
  }, 
  {
    "pk": 393, 
    "model": "workflows.abstractinput", 
    "fields": {
      "widget": 151, 
      "name": "Dataset", 
      "short_name": "ds", 
      "uid": "507a7bad-c956-49c6-9deb-c9cfd4a6b471", 
      "default": "", 
      "required": true, 
      "multi": false, 
      "parameter_type": null, 
      "variable": "ds2", 
      "parameter": false, 
      "order": 2, 
      "description": "Latino.Model.IUnlabeledExampleCollection`1[[Latino.SparseVector`1[[System.Double, mscorlib, Version=4.0.0.0, Culture=neutral, PublicKeyToken=b77a5c561934e089]], Latino, Version=1.0.0.0, Culture=neutral, PublicKeyToken=null]]"
    }
  }, 
  {
    "pk": 394, 
    "model": "workflows.abstractinput", 
    "fields": {
      "widget": 151, 
      "name": "Similarity Threshold", 
      "short_name": "dbl", 
      "uid": "f31d1331-576c-4b39-940f-4ecb4395c83b", 
      "default": "0", 
      "required": true, 
      "multi": false, 
      "parameter_type": "text", 
      "variable": "thresh", 
      "parameter": true, 
      "order": 3, 
      "description": "System.Double"
    }
  }, 
  {
    "pk": 395, 
    "model": "workflows.abstractinput", 
    "fields": {
      "widget": 151, 
      "name": "Full Matrix (not only Lower Triangular)", 
      "short_name": "bol", 
      "uid": "7125b9d7-c961-4fa1-8acf-4c99207f641b", 
      "default": "true", 
      "required": true, 
      "multi": false, 
      "parameter_type": "checkbox", 
      "variable": "fullMatrix", 
      "parameter": true, 
      "order": 4, 
      "description": "System.Boolean"
    }
  }, 
  {
    "pk": 157, 
    "model": "workflows.abstractoutput", 
    "fields": {
      "widget": 151, 
      "name": "Similarity Matrix", 
      "short_name": "smx", 
      "variable": "smx", 
      "uid": "0e9ff5c7-cdbb-4032-9ba3-43f7058698e6", 
      "order": 1, 
      "description": ""
    }
  }, 
  {
    "pk": 32, 
    "model": "workflows.category", 
    "fields": {
      "uid": "9571d766-09a1-4e85-9f13-974c76c15f9e", 
      "parent": null, 
      "workflow": null, 
      "user": null, 
      "order": 8, 
      "name": "Clustering"
    }
  }, 
  {
    "pk": 152, 
    "model": "workflows.abstractwidget", 
    "fields": {
      "category": 32, 
      "treeview_image": "", 
      "name": "Clustering Hub", 
      "is_streaming": false, 
      "uid": "b629bfea-c17c-4f2b-aefd-fee02ae53c4a", 
      "interaction_view": "", 
      "image": "", 
      "package": "nltk", 
      "static_image": "clustering_hub_image.png", 
      "windows_queue": false, 
      "post_interact_action": "", 
      "user": null, 
      "visualization_view": "", 
      "streaming_visualization_view": "", 
      "action": "clustering_hub", 
      "wsdl_method": "", 
      "wsdl": "", 
      "interactive": false, 
      "has_progress_bar": false, 
      "order": 4, 
      "description": "Automatically generated widget from function ClusterDocumentVectors in package latino. The original function signature: ClusterDocumentVectors."
    }
  }, 
  {
    "pk": 396, 
    "model": "workflows.abstractinput", 
    "fields": {
      "widget": 152, 
      "name": "Clusterer", 
      "short_name": "cls", 
      "uid": "9b362e6d-4db5-4a4b-aa6e-a13300733ca4", 
      "default": "", 
      "required": true, 
      "multi": false, 
      "parameter_type": null, 
      "variable": "clusterer", 
      "parameter": false, 
      "order": 1, 
      "description": "LatinoClowdFlows.IClusterer"
    }
  }, 
  {
    "pk": 397, 
    "model": "workflows.abstractinput", 
    "fields": {
      "widget": 152, 
      "name": "Dataset", 
      "short_name": "ds", 
      "uid": "110f77eb-23f5-428a-86f5-e3ad0065af64", 
      "default": "", 
      "required": true, 
      "multi": false, 
      "parameter_type": null, 
      "variable": "dataset", 
      "parameter": false, 
      "order": 2, 
      "description": "Latino.Model.IUnlabeledExampleCollection`1[[Latino.SparseVector`1[[System.Double, mscorlib, Version=4.0.0.0, Culture=neutral, PublicKeyToken=b77a5c561934e089]], Latino, Version=1.0.0.0, Culture=neutral, PublicKeyToken=null]]"
    }
  }, 
  {
    "pk": 158, 
    "model": "workflows.abstractoutput", 
    "fields": {
      "widget": 152, 
      "name": "Clustering Results", 
      "short_name": "cr", 
      "variable": "clustRes", 
      "uid": "f6026cc2-425c-418e-a7bb-4dc818f3681d", 
      "order": 1, 
      "description": ""
    }
  }, 
  {
    "pk": 33, 
    "model": "workflows.category", 
    "fields": {
      "uid": "46050a99-188d-40e1-90e5-0c1912059fa7", 
      "parent": null, 
      "workflow": null, 
      "user": null, 
      "order": 9, 
      "name": "Classification"
    }
  }, 
  {
    "pk": 153, 
    "model": "workflows.abstractwidget", 
    "fields": {
      "category": 33, 
      "treeview_image": "", 
      "name": "Train Classifier Hub", 
      "is_streaming": false, 
      "uid": "bbcab045-e896-4cb6-b111-c0324423367b", 
      "interaction_view": "", 
      "image": "", 
      "package": "nltk", 
      "static_image": "classifier_train_image.png", 
      "windows_queue": false, 
      "post_interact_action": "", 
      "user": null, 
      "visualization_view": "", 
      "streaming_visualization_view": "", 
      "action": "train_classifier", 
      "wsdl_method": "", 
      "wsdl": "", 
      "interactive": false, 
      "has_progress_bar": false, 
      "order": 15, 
      "description": "Automatically generated widget from function TrainClassifier in package latino. The original function signature: TrainClassifier."
    }
  }, 
  {
    "pk": 398, 
    "model": "workflows.abstractinput", 
    "fields": {
      "widget": 153, 
      "name": "Classifier", 
      "short_name": "csf", 
      "uid": "d483dc98-f0a1-4e60-af44-2ab085741966", 
      "default": "", 
      "required": true, 
      "multi": false, 
      "parameter_type": null, 
      "variable": "csf", 
      "parameter": false, 
      "order": 1, 
      "description": "Latino.Model.IModel`1[[System.String, mscorlib, Version=4.0.0.0, Culture=neutral, PublicKeyToken=b77a5c561934e089]]"
    }
  }, 
  {
    "pk": 399, 
    "model": "workflows.abstractinput", 
    "fields": {
      "widget": 153, 
      "name": "Dataset", 
      "short_name": "ds", 
      "uid": "a1d6b382-7850-423d-8bdd-8f4fad43c9ec", 
      "default": "", 
      "required": true, 
      "multi": false, 
      "parameter_type": null, 
      "variable": "ds", 
      "parameter": false, 
      "order": 2, 
      "description": "Latino.Model.LabeledDataset`2[[System.String, mscorlib, Version=4.0.0.0, Culture=neutral, PublicKeyToken=b77a5c561934e089],[Latino.SparseVector`1[[System.Double, mscorlib, Version=4.0.0.0, Culture=neutral, PublicKeyToken=b77a5c561934e089]], Latino, Version=1.0.0.0, Culture=neutral, PublicKeyToken=null]]"
    }
  }, 
  {
    "pk": 159, 
    "model": "workflows.abstractoutput", 
    "fields": {
      "widget": 153, 
      "name": "Classifier", 
      "short_name": "csf", 
      "variable": "csf", 
      "uid": "a2b2903a-3ca6-4854-9f1b-dc10fe353273", 
      "order": 1, 
      "description": ""
    }
  }
]