[
  {
    "pk": 69, 
    "model": "workflows.category", 
    "fields": {
      "uid": "23a64dd1-2764-4e22-90c5-f395da1c7dae", 
      "parent": null, 
      "workflow": null, 
      "user": null, 
      "order": 10, 
      "name": "Literature Based Discovery"
    }
  }, 
  {
    "pk": 71, 
    "model": "workflows.category", 
    "fields": {
      "uid": "d3a0f587-3911-437e-b123-622b6bbc3068", 
      "parent": 69, 
      "workflow": null, 
      "user": null, 
      "order": 1, 
      "name": "Heuristic Calculation"
    }
  }, 
  {
    "pk": 266, 
    "model": "workflows.abstractwidget", 
    "fields": {
      "category": 71, 
      "treeview_image": "", 
      "name": "Calculate Term Heuristics Scores", 
      "is_streaming": false, 
      "uid": "c2cd195d-a467-413a-a7b2-fdc1e630a89e", 
      "interaction_view": "", 
      "image": "", 
      "package": "literature_based_discovery", 
      "static_image": "crossbee_widget.png", 
      "windows_queue": false, 
      "post_interact_action": "", 
      "user": null, 
      "visualization_view": "", 
      "streaming_visualization_view": "", 
      "action": "lbd_calculate_heuristics", 
      "wsdl_method": "", 
      "wsdl": "", 
      "interactive": false, 
      "has_progress_bar": false, 
      "order": 20, 
      "description": "Calculate all input heuristics."
    }
  }, 
  {
    "pk": 640, 
    "model": "workflows.abstractinput", 
    "fields": {
      "widget": 266, 
      "name": "Annotated Document Corpus", 
      "short_name": "adc", 
      "uid": "442fc5b5-64e0-452d-beed-3cab4373241c", 
      "default": "", 
      "required": true, 
      "multi": false, 
      "parameter_type": null, 
      "variable": "adc", 
      "parameter": false, 
      "order": 1, 
      "description": "Annotated Document Corpus (workflows.textflows.DocumentCorpus)"
    }
  }, 
  {
    "pk": 639, 
    "model": "workflows.abstractinput", 
    "fields": {
      "widget": 266, 
      "name": "Bag of Words Model", 
      "short_name": "bwm", 
      "uid": "91ab0793-3dd2-4c02-917c-4ba446ad325d", 
      "default": "", 
      "required": true, 
      "multi": false, 
      "parameter_type": null, 
      "variable": "bow_model", 
      "parameter": false, 
      "order": 2, 
      "description": "Bag of Words Model (BowModel) gathers utilities to build feature vectors from annotated document corpus."
    }
  }, 
  {
    "pk": 613, 
    "model": "workflows.abstractinput", 
    "fields": {
      "widget": 266, 
      "name": "Heuristic or Heuristic list", 
      "short_name": "heu", 
      "uid": "40dd3ea3-99de-415c-8411-71d1a036dde2", 
      "default": "", 
      "required": true, 
      "multi": true, 
      "parameter_type": null, 
      "variable": "heuristics", 
      "parameter": false, 
      "order": 3, 
      "description": "List of heuristic names which scores will be calculated."
    }
  }, 
  {
    "pk": 263, 
    "model": "workflows.abstractoutput", 
    "fields": {
      "widget": 266, 
      "name": "Heuristic Scores", 
      "short_name": "hsc", 
      "variable": "calcs", 
      "uid": "78873828-e066-43d8-9970-fd794ca072e4", 
      "order": 1, 
      "description": "Calculated B-Term Heuristic Scores"
    }
  }, 
  {
    "pk": 289, 
    "model": "workflows.abstractwidget", 
    "fields": {
      "category": 71, 
      "treeview_image": "", 
      "name": "Actual and Predicted Values", 
      "is_streaming": false, 
      "uid": "f7985790-e1ff-49f7-b131-732733aa7932", 
      "interaction_view": "", 
      "image": "", 
      "package": "literature_based_discovery", 
      "static_image": "crossbee_widget.png", 
      "windows_queue": false, 
      "post_interact_action": "", 
      "user": null, 
      "visualization_view": "", 
      "streaming_visualization_view": "", 
      "action": "lbd_actual_and_predicted_values", 
      "wsdl_method": "", 
      "wsdl": "", 
      "interactive": false, 
      "has_progress_bar": false, 
      "order": 21, 
      "description": "Prepare actual and predicted values for B-term Heuristics."
    }
  }, 
  {
    "pk": 655, 
    "model": "workflows.abstractinput", 
    "fields": {
      "widget": 289, 
      "name": "Bag of Words Model", 
      "short_name": "bwm", 
      "uid": "561fafaa-7b34-4ad5-8d65-5ae120e8f730", 
      "default": "", 
      "required": true, 
      "multi": false, 
      "parameter_type": null, 
      "variable": "bow_model", 
      "parameter": false, 
      "order": 1, 
      "description": "Bag of Words Model (BowModel) gathers utilities to build feature vectors from annotated document corpus."
    }
  }, 
  {
    "pk": 657, 
    "model": "workflows.abstractinput", 
    "fields": {
      "widget": 289, 
      "name": "B-terms ", 
      "short_name": "lbt", 
      "uid": "de3464ff-f740-402d-92b4-f44ec66ba316", 
      "default": "", 
      "required": true, 
      "multi": false, 
      "parameter_type": null, 
      "variable": "bterms", 
      "parameter": false, 
      "order": 2, 
      "description": "List of bridging terms"
    }
  }, 
  {
    "pk": 656, 
    "model": "workflows.abstractinput", 
    "fields": {
      "widget": 289, 
      "name": "Heuristic Scores", 
      "short_name": "hsc", 
      "uid": "0b3f3a10-50a4-42a7-9670-f6bae490b5c1", 
      "default": "", 
      "required": true, 
      "multi": true, 
      "parameter_type": null, 
      "variable": "heuristics", 
      "parameter": false, 
      "order": 3, 
      "description": "Calculated B-Term Heuristic Scores"
    }
  }, 
  {
    "pk": 276, 
    "model": "workflows.abstractoutput", 
    "fields": {
      "widget": 289, 
      "name": "Actual and Predicted Values", 
      "short_name": "apv", 
      "variable": "apv", 
      "uid": "fd4745e5-f612-48da-b899-4847cc2bf631", 
      "order": 1, 
      "description": "List of actual and predicted values for every B-term Discovery  Heuristic"
    }
  }, 
  {
    "pk": 70, 
    "model": "workflows.category", 
    "fields": {
      "uid": "3f354ad3-aab3-43fe-aeb8-b5183cb185be", 
      "parent": 69, 
      "workflow": null, 
      "user": null, 
      "order": 1, 
      "name": "Heuristic Specification"
    }
  }, 
  {
    "pk": 261, 
    "model": "workflows.abstractwidget", 
    "fields": {
      "category": 70, 
      "treeview_image": "", 
      "name": "Frequency-based heuristics", 
      "is_streaming": false, 
      "uid": "079aae7d-aaa3-4f3c-9990-7bc976bbbba1", 
      "interaction_view": "lbd_frequency_heuristics", 
      "image": "", 
      "package": "literature_based_discovery", 
      "static_image": "crossbee_widget.png", 
      "windows_queue": false, 
      "post_interact_action": "lbd_heuristic_selection_post", 
      "user": null, 
      "visualization_view": "", 
      "streaming_visualization_view": "", 
      "action": "lbd_heuristics_selection", 
      "wsdl_method": "", 
      "wsdl": "", 
      "interactive": true, 
      "has_progress_bar": false, 
      "order": 1, 
      "description": "Interactive widget which allows specification of of frquency-based bridging term discovery heuristics."
    }
  }, 
  {
    "pk": 258, 
    "model": "workflows.abstractoutput", 
    "fields": {
      "widget": 261, 
      "name": "List of Selected Heuristics for Bringing Term Discovery", 
      "short_name": "lst", 
      "variable": "heuristics", 
      "uid": "24da1aca-f3c8-43c7-9f73-9c2100af360c", 
      "order": 1, 
      "description": "List of Selected Heuristics for Bringing Term Discovery"
    }
  }, 
  {
    "pk": 260, 
    "model": "workflows.abstractwidget", 
    "fields": {
      "category": 70, 
      "treeview_image": "", 
      "name": "TF-IDF-based heuristics", 
      "is_streaming": false, 
      "uid": "614f692b-07b5-496a-b0d3-a64199adaf62", 
      "interaction_view": "lbd_tfidf_heuristics", 
      "image": "", 
      "package": "literature_based_discovery", 
      "static_image": "crossbee_widget.png", 
      "windows_queue": false, 
      "post_interact_action": "lbd_heuristic_selection_post", 
      "user": null, 
      "visualization_view": "", 
      "streaming_visualization_view": "", 
      "action": "lbd_heuristics_selection", 
      "wsdl_method": "", 
      "wsdl": "", 
      "interactive": true, 
      "has_progress_bar": false, 
      "order": 2, 
      "description": "Interactive widget which allows specification of TF-IDF based bridging term discovery heuristics."
    }
  }, 
  {
    "pk": 257, 
    "model": "workflows.abstractoutput", 
    "fields": {
      "widget": 260, 
      "name": "List of Selected Heuristics for Bringing Term Discovery", 
      "short_name": "lst", 
      "variable": "heuristics", 
      "uid": "80cb8cde-2e9d-4500-a452-daaffe7dd8c6", 
      "order": 1, 
      "description": "List of Selected Heuristics for Bringing Term Discovery"
    }
  }, 
  {
    "pk": 263, 
    "model": "workflows.abstractwidget", 
    "fields": {
      "category": 70, 
      "treeview_image": "", 
      "name": "Similarity-based heuristics", 
      "is_streaming": false, 
      "uid": "93955580-47ef-46b6-8518-3b563c628cba", 
      "interaction_view": "lbd_similarity_heuristics", 
      "image": "", 
      "package": "literature_based_discovery", 
      "static_image": "crossbee_widget.png", 
      "windows_queue": false, 
      "post_interact_action": "lbd_heuristic_selection_post", 
      "user": null, 
      "visualization_view": "", 
      "streaming_visualization_view": "", 
      "action": "lbd_heuristics_selection", 
      "wsdl_method": "", 
      "wsdl": "", 
      "interactive": true, 
      "has_progress_bar": false, 
      "order": 3, 
      "description": "Interactive widget which allows specification of similarity-based bridging term discovery heuristics."
    }
  }, 
  {
    "pk": 260, 
    "model": "workflows.abstractoutput", 
    "fields": {
      "widget": 263, 
      "name": "List of Selected Heuristics for Bringing Term Discovery", 
      "short_name": "lst", 
      "variable": "heuristics", 
      "uid": "a3828aac-1052-40d9-9896-97800501e38c", 
      "order": 1, 
      "description": "List of Selected Heuristics for Bringing Term Discovery"
    }
  }, 
  {
    "pk": 262, 
    "model": "workflows.abstractwidget", 
    "fields": {
      "category": 70, 
      "treeview_image": "", 
      "name": "Outlier-based heuristics", 
      "is_streaming": false, 
      "uid": "053f7571-b7a4-4367-a829-abe29d437a02", 
      "interaction_view": "lbd_outlier_heuristics", 
      "image": "", 
      "package": "literature_based_discovery", 
      "static_image": "crossbee_widget.png", 
      "windows_queue": false, 
      "post_interact_action": "lbd_heuristic_selection_post", 
      "user": null, 
      "visualization_view": "", 
      "streaming_visualization_view": "", 
      "action": "lbd_heuristics_selection", 
      "wsdl_method": "", 
      "wsdl": "", 
      "interactive": true, 
      "has_progress_bar": false, 
      "order": 4, 
      "description": "Interactive widget which allows specification of outlier-based bridging term discovery heuristics."
    }
  }, 
  {
    "pk": 259, 
    "model": "workflows.abstractoutput", 
    "fields": {
      "widget": 262, 
      "name": "List of Selected Heuristics for Bringing Term Discovery", 
      "short_name": "lst", 
      "variable": "heuristics", 
      "uid": "5c85dac9-b28c-47a2-ada2-c0c453d1cf23", 
      "order": 1, 
      "description": "List of Selected Heuristics for Bringing Term Discovery"
    }
  }, 
  {
    "pk": 302, 
    "model": "workflows.abstractwidget", 
    "fields": {
      "category": 70, 
      "treeview_image": "", 
      "name": "Outlier-based heuristic", 
      "is_streaming": false, 
      "uid": "8cf041ab-7158-4ebe-b17d-7d544ae0eca4", 
      "interaction_view": "", 
      "image": "", 
      "package": "literature_based_discovery", 
      "static_image": "crossbee_widget.png", 
      "windows_queue": false, 
      "post_interact_action": "", 
      "user": null, 
      "visualization_view": "", 
      "streaming_visualization_view": "", 
      "action": "lbd_custom_outlier_based_heuristics", 
      "wsdl_method": "", 
      "wsdl": "", 
      "interactive": false, 
      "has_progress_bar": false, 
      "order": 5, 
      "description": "Interactive widget which allows specification of a custom outlier-based bridging term discovery heuristics by using the classifiers from the input."
    }
  }, 
  {
    "pk": 688, 
    "model": "workflows.abstractinput", 
    "fields": {
      "widget": 302, 
      "name": "Classifier", 
      "short_name": "csf", 
      "uid": "37875b4c-251c-40c7-a2f9-e0fecae19495", 
      "default": "", 
      "required": true, 
      "multi": true, 
      "parameter_type": null, 
      "variable": "classifiers", 
      "parameter": false, 
      "order": 1, 
      "description": ""
    }
  }, 
  {
    "pk": 296, 
    "model": "workflows.abstractoutput", 
    "fields": {
      "widget": 302, 
      "name": "List of Selected Heuristics for Bringing Term Discovery", 
      "short_name": "lst", 
      "variable": "heuristics", 
      "uid": "fa81a2e1-efe5-425b-b16c-96154b0dc22d", 
      "order": 1, 
      "description": "List of Selected Heuristics for Bringing Term Discovery"
    }
  }, 
  {
    "pk": 305, 
    "model": "workflows.abstractwidget", 
    "fields": {
      "category": 70, 
      "treeview_image": "", 
      "name": "Heuristic Maximum", 
      "is_streaming": false, 
      "uid": "6eacaae6-4db3-4a43-95c4-db4d3f9e2eb9", 
      "interaction_view": "", 
      "image": "", 
      "package": "literature_based_discovery", 
      "static_image": "crossbee_widget.png", 
      "windows_queue": false, 
      "post_interact_action": "", 
      "user": null, 
      "visualization_view": "", 
      "streaming_visualization_view": "", 
      "action": "lbd_heuristic_max", 
      "wsdl_method": "", 
      "wsdl": "", 
      "interactive": false, 
      "has_progress_bar": false, 
      "order": 6, 
      "description": "Defines a calculated heuristic that is the maximum (for every term) of the input heuristics."
    }
  }, 
  {
    "pk": 696, 
    "model": "workflows.abstractinput", 
    "fields": {
      "widget": 305, 
      "name": "Heuristic or Heuristic list", 
      "short_name": "heu", 
      "uid": "934cced0-7b78-4ca2-bc3a-1a2e1c98a567", 
      "default": "", 
      "required": false, 
      "multi": true, 
      "parameter_type": null, 
      "variable": "heuristics", 
      "parameter": false, 
      "order": 1, 
      "description": ""
    }
  }, 
  {
    "pk": 299, 
    "model": "workflows.abstractoutput", 
    "fields": {
      "widget": 305, 
      "name": "Heuristic Max Specification", 
      "short_name": "heu", 
      "variable": "heuristic", 
      "uid": "c4a92e58-17fa-4767-9baf-8c3ace74d59b", 
      "order": 1, 
      "description": "Heuristic Maximum Specification"
    }
  }, 
  {
    "pk": 264, 
    "model": "workflows.abstractwidget", 
    "fields": {
      "category": 70, 
      "treeview_image": "", 
      "name": "Heuristic Minimum", 
      "is_streaming": false, 
      "uid": "c6c5025c-1f31-42f7-a62b-dedb2bf53350", 
      "interaction_view": "", 
      "image": "", 
      "package": "literature_based_discovery", 
      "static_image": "crossbee_widget.png", 
      "windows_queue": false, 
      "post_interact_action": "", 
      "user": null, 
      "visualization_view": "", 
      "streaming_visualization_view": "", 
      "action": "lbd_heuristic_min", 
      "wsdl_method": "", 
      "wsdl": "", 
      "interactive": false, 
      "has_progress_bar": false, 
      "order": 6, 
      "description": "Defines a calculated heuristic that is the minimum (for every term) of the input heuristics."
    }
  }, 
  {
    "pk": 611, 
    "model": "workflows.abstractinput", 
    "fields": {
      "widget": 264, 
      "name": "Heuristic or Heuristic list", 
      "short_name": "heu", 
      "uid": "b0f71552-1950-47ad-a348-d03897405e41", 
      "default": "", 
      "required": false, 
      "multi": true, 
      "parameter_type": null, 
      "variable": "heuristics", 
      "parameter": false, 
      "order": 1, 
      "description": ""
    }
  }, 
  {
    "pk": 261, 
    "model": "workflows.abstractoutput", 
    "fields": {
      "widget": 264, 
      "name": "Heuristic Min Specification", 
      "short_name": "heu", 
      "variable": "heuristic", 
      "uid": "446f175b-d259-45df-a8e9-4446b60a7bbc", 
      "order": 1, 
      "description": "Heuristic Minimum Specification"
    }
  }, 
  {
    "pk": 306, 
    "model": "workflows.abstractwidget", 
    "fields": {
      "category": 70, 
      "treeview_image": "", 
      "name": "Heuristic Normalization", 
      "is_streaming": false, 
      "uid": "e35a4e23-1e8d-4c1b-982a-470b047acd44", 
      "interaction_view": "", 
      "image": "", 
      "package": "literature_based_discovery", 
      "static_image": "crossbee_widget.png", 
      "windows_queue": false, 
      "post_interact_action": "", 
      "user": null, 
      "visualization_view": "", 
      "streaming_visualization_view": "", 
      "action": "lbd_heuristic_norm", 
      "wsdl_method": "", 
      "wsdl": "", 
      "interactive": false, 
      "has_progress_bar": false, 
      "order": 6, 
      "description": "Defines calculated heuristics where scores are scaled to [0,1] values using the minimum and maximum scores."
    }
  }, 
  {
    "pk": 697, 
    "model": "workflows.abstractinput", 
    "fields": {
      "widget": 306, 
      "name": "Heuristic or Heuristic list", 
      "short_name": "heu", 
      "uid": "db59da34-f022-4d38-83d5-943b11c26a9c", 
      "default": "", 
      "required": false, 
      "multi": true, 
      "parameter_type": null, 
      "variable": "heuristics", 
      "parameter": false, 
      "order": 1, 
      "description": ""
    }
  }, 
  {
    "pk": 300, 
    "model": "workflows.abstractoutput", 
    "fields": {
      "widget": 306, 
      "name": "Normalized Heuristic or Heuristic Specifications list ", 
      "short_name": "heu", 
      "variable": "norm_heuristics", 
      "uid": "a4a723f2-e6c2-46ad-98d0-1c07a6764a09", 
      "order": 1, 
      "description": "Normalized Heuristic Specification or Heuristic Specifications list"
    }
  }, 
  {
    "pk": 304, 
    "model": "workflows.abstractwidget", 
    "fields": {
      "category": 70, 
      "treeview_image": "", 
      "name": "Heuristic Sum", 
      "is_streaming": false, 
      "uid": "66fd72e8-b662-4006-89a6-8a44ab9a44ae", 
      "interaction_view": "", 
      "image": "", 
      "package": "literature_based_discovery", 
      "static_image": "crossbee_widget.png", 
      "windows_queue": false, 
      "post_interact_action": "", 
      "user": null, 
      "visualization_view": "", 
      "streaming_visualization_view": "", 
      "action": "lbd_heuristic_sum", 
      "wsdl_method": "", 
      "wsdl": "", 
      "interactive": false, 
      "has_progress_bar": false, 
      "order": 6, 
      "description": "Defines a calculated heuristic that is the summation of the input heuristics."
    }
  }, 
  {
    "pk": 695, 
    "model": "workflows.abstractinput", 
    "fields": {
      "widget": 304, 
      "name": "Heuristic or Heuristic list", 
      "short_name": "heu", 
      "uid": "c5c99022-e9cb-47f7-8662-877948222b4f", 
      "default": "", 
      "required": false, 
      "multi": true, 
      "parameter_type": null, 
      "variable": "heuristics", 
      "parameter": false, 
      "order": 1, 
      "description": ""
    }
  }, 
  {
    "pk": 298, 
    "model": "workflows.abstractoutput", 
    "fields": {
      "widget": 304, 
      "name": "Heuristic Sum Specification", 
      "short_name": "heu", 
      "variable": "heuristic", 
      "uid": "ff76f950-6933-4bd4-8c68-8a8949ec0417", 
      "order": 1, 
      "description": "Heuristic Summation Specification"
    }
  }, 
  {
    "pk": 307, 
    "model": "workflows.abstractwidget", 
    "fields": {
      "category": 70, 
      "treeview_image": "", 
      "name": "Ensemble Average Position", 
      "is_streaming": false, 
      "uid": "6e038eeb-7be6-4260-b1fb-dd29ea17b8c2", 
      "interaction_view": "", 
      "image": "", 
      "package": "literature_based_discovery", 
      "static_image": "crossbee_widget.png", 
      "windows_queue": false, 
      "post_interact_action": "", 
      "user": null, 
      "visualization_view": "", 
      "streaming_visualization_view": "", 
      "action": "lbd_ensemble_average_position", 
      "wsdl_method": "", 
      "wsdl": "", 
      "interactive": false, 
      "has_progress_bar": false, 
      "order": 7, 
      "description": "The Ensemble Average Position score is calculated as an average of position scores of individual base heuristics."
    }
  }, 
  {
    "pk": 698, 
    "model": "workflows.abstractinput", 
    "fields": {
      "widget": 307, 
      "name": "Heuristic or Heuristic list", 
      "short_name": "heu", 
      "uid": "00126d92-521d-48fe-b55f-d6f95036e7b9", 
      "default": "", 
      "required": false, 
      "multi": true, 
      "parameter_type": null, 
      "variable": "heuristics", 
      "parameter": false, 
      "order": 1, 
      "description": ""
    }
  }, 
  {
    "pk": 301, 
    "model": "workflows.abstractoutput", 
    "fields": {
      "widget": 307, 
      "name": "Ensemble Average Position Specification", 
      "short_name": "heu", 
      "variable": "heuristic", 
      "uid": "3050b941-2e62-44f5-adcb-7b629dc57b0a", 
      "order": 1, 
      "description": "Ensemble Average Position Specification"
    }
  }, 
  {
    "pk": 265, 
    "model": "workflows.abstractwidget", 
    "fields": {
      "category": 70, 
      "treeview_image": "", 
      "name": "Ensemble Heuristic Vote", 
      "is_streaming": false, 
      "uid": "b8736b27-6ea3-4fdd-910f-6a74785f28b1", 
      "interaction_view": "", 
      "image": "", 
      "package": "literature_based_discovery", 
      "static_image": "crossbee_widget.png", 
      "windows_queue": false, 
      "post_interact_action": "", 
      "user": null, 
      "visualization_view": "", 
      "streaming_visualization_view": "", 
      "action": "lbd_ensemble_heuristic_vote", 
      "wsdl_method": "", 
      "wsdl": "", 
      "interactive": false, 
      "has_progress_bar": false, 
      "order": 7, 
      "description": "Every term get an integer score, which represents how many of input heuristics voted for the term. Each input heuristic gives one vote to each term which is in the first third in its ranked list of terms."
    }
  }, 
  {
    "pk": 612, 
    "model": "workflows.abstractinput", 
    "fields": {
      "widget": 265, 
      "name": "Heuristic or Heuristic list", 
      "short_name": "heu", 
      "uid": "92dc9fe5-3731-427c-8c99-d927d706ebf4", 
      "default": "", 
      "required": false, 
      "multi": true, 
      "parameter_type": null, 
      "variable": "heuristics", 
      "parameter": false, 
      "order": 1, 
      "description": ""
    }
  }, 
  {
    "pk": 262, 
    "model": "workflows.abstractoutput", 
    "fields": {
      "widget": 265, 
      "name": "Ensemble Heuristic Vote Specification", 
      "short_name": "heu", 
      "variable": "heuristic", 
      "uid": "1b15122a-4a90-4730-93ea-6aa5b08e6d83", 
      "order": 1, 
      "description": "Ensemble Heuristic Vote Specification"
    }
  }, 
  {
    "pk": 80, 
    "model": "workflows.category", 
    "fields": {
      "uid": "1685efd9-cbfb-4e52-bcee-a29a87087a55", 
      "parent": 69, 
      "workflow": null, 
      "user": null, 
      "order": 4, 
      "name": "Term ranking and Exploration"
    }
  }, 
  {
    "pk": 288, 
    "model": "workflows.abstractwidget", 
    "fields": {
      "category": 80, 
      "treeview_image": "", 
      "name": "Explore in CrossBee", 
      "is_streaming": false, 
      "uid": "29c7fd5c-99ed-4bf1-b0ac-0c16e431aff4", 
      "interaction_view": "", 
      "image": "", 
      "package": "literature_based_discovery", 
      "static_image": "crossbee_widget.png", 
      "windows_queue": false, 
      "post_interact_action": "", 
      "user": null, 
      "visualization_view": "lbd_explore_in_crossbee", 
      "streaming_visualization_view": "", 
      "action": "lbd_explore_in_crossbee", 
      "wsdl_method": "", 
      "wsdl": "", 
      "interactive": false, 
      "has_progress_bar": false, 
      "order": 1, 
      "description": "Explore heuristic scores and terms in CrossBee."
    }
  }, 
  {
    "pk": 653, 
    "model": "workflows.abstractinput", 
    "fields": {
      "widget": 288, 
      "name": "Annotated Document Corpus", 
      "short_name": "adc", 
      "uid": "18063e0f-53ea-4cae-9a86-e54d17bf17f5", 
      "default": "", 
      "required": true, 
      "multi": false, 
      "parameter_type": null, 
      "variable": "adc", 
      "parameter": false, 
      "order": 1, 
      "description": "Annotated Document Corpus (workflows.textflows.DocumentCorpus)"
    }
  }, 
  {
    "pk": 670, 
    "model": "workflows.abstractinput", 
    "fields": {
      "widget": 288, 
      "name": "B-terms", 
      "short_name": "lbt", 
      "uid": "e4579d90-af40-4c24-8d5c-bd749a7b2a1f", 
      "default": "", 
      "required": true, 
      "multi": false, 
      "parameter_type": null, 
      "variable": "bterms", 
      "parameter": false, 
      "order": 2, 
      "description": "List of bridging terms"
    }
  }, 
  {
    "pk": 654, 
    "model": "workflows.abstractinput", 
    "fields": {
      "widget": 288, 
      "name": "Heuristic Scores", 
      "short_name": "hsc", 
      "uid": "dddbfbb5-10db-43eb-85a8-ae6a8278d395", 
      "default": "", 
      "required": true, 
      "multi": true, 
      "parameter_type": null, 
      "variable": "heuristic_scores", 
      "parameter": false, 
      "order": 3, 
      "description": "Calculated B-Term Heuristic Scores"
    }
  }, 
  {
    "pk": 284, 
    "model": "workflows.abstractoutput", 
    "fields": {
      "widget": 288, 
      "name": "Serialized Annotated Document Corpus", 
      "short_name": "sdc", 
      "variable": "serialized_adc", 
      "uid": "92751ad3-4304-47e5-9a3e-7d1ba8b68f67", 
      "order": 1, 
      "description": "Serialized Annotated Document Corpus (workflows.textflows.DocumentCorpus)"
    }
  }, 
  {
    "pk": 285, 
    "model": "workflows.abstractoutput", 
    "fields": {
      "widget": 288, 
      "name": "Heuristic Scores", 
      "short_name": "hsc", 
      "variable": "heuristic_scores", 
      "uid": "5c5a0620-295c-4c0d-accd-d0054fd48e78", 
      "order": 2, 
      "description": "Calculated B-Term Heuristic Scores"
    }
  }, 
  {
    "pk": 286, 
    "model": "workflows.abstractoutput", 
    "fields": {
      "widget": 288, 
      "name": "B-terms", 
      "short_name": "lbt", 
      "variable": "bterms", 
      "uid": "00d492ec-7beb-4b4e-84a3-4916a28ee5b6", 
      "order": 3, 
      "description": "List of bridging terms"
    }
  }
]