[
  {
    "pk": 31, 
    "model": "workflows.category", 
    "fields": {
      "uid": "4b74b12d-4767-45b1-9bb3-8872234b01fe", 
      "parent": null, 
      "workflow": null, 
      "user": null, 
      "order": 1, 
      "name": "Data In/Out"
    }
  }, 
  {
    "pk": 190, 
    "model": "workflows.abstractwidget", 
    "fields": {
      "category": 31, 
      "treeview_image": "", 
      "name": "Load Document Corpus From String", 
      "is_streaming": false, 
      "uid": "6a3db55b-a30c-4bad-8665-550eb6e26ffe", 
      "interaction_view": "", 
      "image": "", 
      "package": "nltoolkit", 
      "static_image": "", 
      "windows_queue": false, 
      "post_interact_action": "", 
      "user": null, 
      "visualization_view": "", 
      "streaming_visualization_view": "", 
      "action": "load_adc_from_string", 
      "wsdl_method": "", 
      "wsdl": "", 
      "interactive": false, 
      "has_progress_bar": false, 
      "order": 1, 
      "description": "This widges processes raw text file and loads the texts into ADC (Annotated Document Corpus) structure. The input file contains one document per line - the whole line represents text from the body of a document. In case lines contain more document properties (i.e.: ids, titles, labels,...) than other widgets should be used to load ADC structure."
    }
  }, 
  {
    "pk": 480, 
    "model": "workflows.abstractinput", 
    "fields": {
      "widget": 190, 
      "name": "String", 
      "short_name": "str", 
      "uid": "29b01919-6756-4ba5-b796-15f00879e228", 
      "default": "", 
      "required": true, 
      "multi": false, 
      "parameter_type": "textarea", 
      "variable": "plain_string", 
      "parameter": false, 
      "order": 1, 
      "description": "Input Text String: Contains one document per line - the whole line represents text from the body of a document."
    }
  }, 
  {
    "pk": 481, 
    "model": "workflows.abstractinput", 
    "fields": {
      "widget": 190, 
      "name": "Text before the first tabulator [/t] represents the title of a document", 
      "short_name": "bol", 
      "uid": "a84b5c10-8283-4e51-bf2b-1ab5463c09be", 
      "default": "false", 
      "required": true, 
      "multi": false, 
      "parameter_type": "checkbox", 
      "variable": "tab_separated_title", 
      "parameter": true, 
      "order": 2, 
      "description": "System.Boolean"
    }
  }, 
  {
    "pk": 482, 
    "model": "workflows.abstractinput", 
    "fields": {
      "widget": 190, 
      "name": "First words in a line (after optional title) with preceding exclamation (!) present labels", 
      "short_name": "bol", 
      "uid": "917a7c25-695a-4cdb-a578-659ba5ed7cf2", 
      "default": "false", 
      "required": true, 
      "multi": false, 
      "parameter_type": "checkbox", 
      "variable": "leading_labels", 
      "parameter": true, 
      "order": 3, 
      "description": "System.Boolean"
    }
  }, 
  {
    "pk": 190, 
    "model": "workflows.abstractoutput", 
    "fields": {
      "widget": 190, 
      "name": "Annotated Document Corpus", 
      "short_name": "adc", 
      "variable": "adc", 
      "uid": "23bd7cd5-2928-4efa-bb6f-a6403d7939c6", 
      "order": 1, 
      "description": ""
    }
  }, 
  {
    "pk": 171, 
    "model": "workflows.abstractwidget", 
    "fields": {
      "category": 31, 
      "treeview_image": "", 
      "name": "Load Document Corpus From File", 
      "is_streaming": false, 
      "uid": "97886166-315b-4f6a-beb8-4c8e2e5fcdfe", 
      "interaction_view": "", 
      "image": "", 
      "package": "nltoolkit", 
      "static_image": "load_adc_from_file_image.png", 
      "windows_queue": false, 
      "post_interact_action": "", 
      "user": null, 
      "visualization_view": "", 
      "streaming_visualization_view": "", 
      "action": "load_adc_from_file", 
      "wsdl_method": "", 
      "wsdl": "", 
      "interactive": false, 
      "has_progress_bar": false, 
      "order": 4, 
      "description": "This widges processes raw text file and loads the texts into ADC (Annotated Document Corpus) structure. The input file contains one document per line - the whole line represents text from the body of a document. In case lines contain more document properties (i.e.: ids, titles, labels,...) than other widgets should be used to load ADC structure."
    }
  }, 
  {
    "pk": 419, 
    "model": "workflows.abstractinput", 
    "fields": {
      "widget": 171, 
      "name": "Raw Text File", 
      "short_name": "fil", 
      "uid": "4f703f50-06e9-4595-835f-4bb8b826754b", 
      "default": "", 
      "required": true, 
      "multi": false, 
      "parameter_type": null, 
      "variable": "file", 
      "parameter": false, 
      "order": 1, 
      "description": "Input Text File: Contains one document per line - the whole line represents text from the body of a document."
    }
  }, 
  {
    "pk": 420, 
    "model": "workflows.abstractinput", 
    "fields": {
      "widget": 171, 
      "name": "Text before the first tabulator [/t] represents the title of a document", 
      "short_name": "bol", 
      "uid": "b9ec0a50-99fe-4ee3-bceb-ec6320331aa1", 
      "default": "false", 
      "required": true, 
      "multi": false, 
      "parameter_type": "checkbox", 
      "variable": "tab_separated_title", 
      "parameter": true, 
      "order": 2, 
      "description": "System.Boolean"
    }
  }, 
  {
    "pk": 421, 
    "model": "workflows.abstractinput", 
    "fields": {
      "widget": 171, 
      "name": "First words in a line (after optional title) with preceding exclamation (!) present labels", 
      "short_name": "bol", 
      "uid": "1d0aad77-783b-4cc5-a81f-584a1e4d5b25", 
      "default": "false", 
      "required": true, 
      "multi": false, 
      "parameter_type": "checkbox", 
      "variable": "leading_labels", 
      "parameter": true, 
      "order": 3, 
      "description": "System.Boolean"
    }
  }, 
  {
    "pk": 171, 
    "model": "workflows.abstractoutput", 
    "fields": {
      "widget": 171, 
      "name": "Annotated Document Corpus", 
      "short_name": "adc", 
      "variable": "adc", 
      "uid": "864d3185-cea3-408e-83d4-6890bfdb523e", 
      "order": 1, 
      "description": ""
    }
  }, 
  {
    "pk": 32, 
    "model": "workflows.category", 
    "fields": {
      "uid": "d41c87c3-c0c9-4073-8328-d4c6d5e8f185", 
      "parent": null, 
      "workflow": null, 
      "user": null, 
      "order": 2, 
      "name": "Document Corpus"
    }
  }, 
  {
    "pk": 177, 
    "model": "workflows.abstractwidget", 
    "fields": {
      "category": 32, 
      "treeview_image": "", 
      "name": "Display Document Corpus", 
      "is_streaming": false, 
      "uid": "b3455583-abb0-4a26-ba2f-8396eac6b21a", 
      "interaction_view": "", 
      "image": "", 
      "package": "nltoolkit", 
      "static_image": "view_adc_image.png", 
      "windows_queue": false, 
      "post_interact_action": "", 
      "user": null, 
      "visualization_view": "display_document_corpus", 
      "streaming_visualization_view": "", 
      "action": "display_document_corpus", 
      "wsdl_method": "", 
      "wsdl": "", 
      "interactive": false, 
      "has_progress_bar": false, 
      "order": 1, 
      "description": "Automatically generated widget from function DisplayDocumentCorpus_PYTHON in package latino. The original function signature: DisplayDocumentCorpus_PYTHON."
    }
  }, 
  {
    "pk": 444, 
    "model": "workflows.abstractinput", 
    "fields": {
      "widget": 177, 
      "name": "Annotated Document Corpus", 
      "short_name": "adc", 
      "uid": "d4ffbff2-8055-454b-99db-254a9f6264b6", 
      "default": "", 
      "required": true, 
      "multi": false, 
      "parameter_type": null, 
      "variable": "adc", 
      "parameter": false, 
      "order": 1, 
      "description": "LatinoClowdFlows.DocumentCorpus"
    }
  }, 
  {
    "pk": 184, 
    "model": "workflows.abstractwidget", 
    "fields": {
      "category": 32, 
      "treeview_image": "", 
      "name": "NLTK Document Corpus", 
      "is_streaming": false, 
      "uid": "4d280ddb-4446-484d-8b2d-e1d5c93567c2", 
      "interaction_view": "", 
      "image": "", 
      "package": "nltoolkit", 
      "static_image": "", 
      "windows_queue": false, 
      "post_interact_action": "", 
      "user": null, 
      "visualization_view": "", 
      "streaming_visualization_view": "", 
      "action": "nltk_corpus", 
      "wsdl_method": "", 
      "wsdl": "", 
      "interactive": false, 
      "has_progress_bar": false, 
      "order": 1, 
      "description": "NLTK corpus readers. The modules in this package provide functions that can be used to read corpus files in a variety of formats. These functions can be used to read both the corpus files that are distributed in the NLTK corpus package, and corpus files that are part of external corpora.\r\n\r\nPlease see http://nltk.googlecode.com/svn/trunk/nltk_data/index.xml for a complete list. Install corpora using nltk.download().\r\n\r\nCorpus has the following available functions:\r\nwords(): list of str\r\nsents(): list of (list of str)\r\nparas(): list of (list of (list of str))\r\ntagged_words(): list of (str,str) tuple\r\ntagged_sents(): list of (list of (str,str))\r\ntagged_paras(): list of (list of (list of (str,str)))\r\nchunked_sents(): list of (Tree w/ (str,str) leaves)\r\nparsed_sents(): list of (Tree with str leaves)\r\nparsed_paras(): list of (list of (Tree with str leaves))\r\nxml(): A single xml ElementTree\r\nraw(): unprocessed corpus contents"
    }
  }, 
  {
    "pk": 458, 
    "model": "workflows.abstractinput", 
    "fields": {
      "widget": 184, 
      "name": "NLTK Document Corpus Name", 
      "short_name": "str", 
      "uid": "9e3c98c0-69f9-40ee-b11d-cc86c0531606", 
      "default": "brown", 
      "required": true, 
      "multi": false, 
      "parameter_type": "select", 
      "variable": "corpus_name", 
      "parameter": true, 
      "order": 1, 
      "description": "NTLK Document Corpus Name"
    }
  }, 
  {
    "pk": 127, 
    "model": "workflows.abstractoption", 
    "fields": {
      "uid": "fcf19171-2a06-450f-8e5a-5a40b9cb3370", 
      "abstract_input": 458, 
      "value": "brown", 
      "name": "Brown"
    }
  }, 
  {
    "pk": 129, 
    "model": "workflows.abstractoption", 
    "fields": {
      "uid": "d9a7ece8-fb57-4ff3-8e7f-233a1dd989b9", 
      "abstract_input": 458, 
      "value": "cess_esp", 
      "name": "Cess Esp (spanish)"
    }
  }, 
  {
    "pk": 130, 
    "model": "workflows.abstractoption", 
    "fields": {
      "uid": "51464033-9252-455a-8024-9d14893789ff", 
      "abstract_input": 458, 
      "value": "floresta", 
      "name": "Floresta"
    }
  }, 
  {
    "pk": 128, 
    "model": "workflows.abstractoption", 
    "fields": {
      "uid": "045fac92-ea05-4699-b8aa-99cb33966b03", 
      "abstract_input": 458, 
      "value": "treebank", 
      "name": "Treebank"
    }
  }, 
  {
    "pk": 184, 
    "model": "workflows.abstractoutput", 
    "fields": {
      "widget": 184, 
      "name": "NTLK document corpus name", 
      "short_name": "cor", 
      "variable": "corpus_name", 
      "uid": "c2fce52f-e6c4-4074-9b75-49a3ebcac8bf", 
      "order": 1, 
      "description": "NLTK document corpus name"
    }
  }, 
  {
    "pk": 33, 
    "model": "workflows.category", 
    "fields": {
      "uid": "bb196a4d-7235-475d-bb4a-8210564f9c37", 
      "parent": null, 
      "workflow": null, 
      "user": null, 
      "order": 3, 
      "name": "Tokenization"
    }
  }, 
  {
    "pk": 170, 
    "model": "workflows.abstractwidget", 
    "fields": {
      "category": 33, 
      "treeview_image": "", 
      "name": "Tokenizer Hub", 
      "is_streaming": false, 
      "uid": "737f32f0-033d-4455-8c82-28679393e998", 
      "interaction_view": "", 
      "image": "", 
      "package": "nltoolkit", 
      "static_image": "token_word_do_image.png", 
      "windows_queue": false, 
      "post_interact_action": "", 
      "user": null, 
      "visualization_view": "", 
      "streaming_visualization_view": "", 
      "action": "tokenizer_hub", 
      "wsdl_method": "", 
      "wsdl": "", 
      "interactive": false, 
      "has_progress_bar": false, 
      "order": 7, 
      "description": "Apply the *tokenizer* object on the Annotated Document Corpus (*adc*):\r\n\r\n1. first select only annotations of type *input_annotation*,\r\n2. apply the tokenizer\r\n3. create new annotations *output_annotation* with the outputs of the tokenizer."
    }
  }, 
  {
    "pk": 415, 
    "model": "workflows.abstractinput", 
    "fields": {
      "widget": 170, 
      "name": "Annotated Document Corpus", 
      "short_name": "adc", 
      "uid": "5e0eedbe-5d93-4fb2-abf6-4f9deeb555a5", 
      "default": "", 
      "required": true, 
      "multi": false, 
      "parameter_type": null, 
      "variable": "adc", 
      "parameter": false, 
      "order": 1, 
      "description": "Annotated Document Corpus (workflows.textflows.DocumentCorpus)"
    }
  }, 
  {
    "pk": 416, 
    "model": "workflows.abstractinput", 
    "fields": {
      "widget": 170, 
      "name": "Tokenizer", 
      "short_name": "tkn", 
      "uid": "15bf0ab2-491e-4c44-aaf9-53206cc3a54f", 
      "default": "", 
      "required": true, 
      "multi": false, 
      "parameter_type": null, 
      "variable": "tokenizer", 
      "parameter": false, 
      "order": 2, 
      "description": " python dictionary containing the Tokenizer object and its arguments."
    }
  }, 
  {
    "pk": 417, 
    "model": "workflows.abstractinput", 
    "fields": {
      "widget": 170, 
      "name": "Annotation to be tokenized", 
      "short_name": "ann", 
      "uid": "83118f55-9ef7-4710-9217-627ccbd52df3", 
      "default": "TextBlock", 
      "required": true, 
      "multi": false, 
      "parameter_type": "text", 
      "variable": "input_annotation", 
      "parameter": true, 
      "order": 3, 
      "description": "Which annotated part of document to be splitted."
    }
  }, 
  {
    "pk": 418, 
    "model": "workflows.abstractinput", 
    "fields": {
      "widget": 170, 
      "name": "Annotation to be produced", 
      "short_name": "ann", 
      "uid": "73e438f5-8d6f-43a3-a3d4-1df23c496a98", 
      "default": "Token", 
      "required": true, 
      "multi": false, 
      "parameter_type": "text", 
      "variable": "output_annotation", 
      "parameter": true, 
      "order": 4, 
      "description": "How to annotate the newly discovered tokens."
    }
  }, 
  {
    "pk": 170, 
    "model": "workflows.abstractoutput", 
    "fields": {
      "widget": 170, 
      "name": "Annotated Document Corpus", 
      "short_name": "adc", 
      "variable": "adc", 
      "uid": "313ad85a-aa64-4212-a870-0d010df62695", 
      "order": 1, 
      "description": "Annotated Document Corpus (workflows.textflows.DocumentCorpus)"
    }
  }, 
  {
    "pk": 41, 
    "model": "workflows.category", 
    "fields": {
      "uid": "b0ce2ce4-16e8-4f9c-9874-238066c20fea", 
      "parent": 33, 
      "workflow": null, 
      "user": null, 
      "order": 1, 
      "name": "Nltk"
    }
  }, 
  {
    "pk": 169, 
    "model": "workflows.abstractwidget", 
    "fields": {
      "category": 41, 
      "treeview_image": "", 
      "name": "Punkt Sentence Tokenizer", 
      "is_streaming": false, 
      "uid": "9d5ffbb4-3047-4f58-bd2c-c91a44b430be", 
      "interaction_view": "", 
      "image": "", 
      "package": "nltoolkit", 
      "static_image": "token_word_image.png", 
      "windows_queue": false, 
      "post_interact_action": "", 
      "user": null, 
      "visualization_view": "", 
      "streaming_visualization_view": "", 
      "action": "nltk_punkt_sentence_tokenizer", 
      "wsdl_method": "", 
      "wsdl": "", 
      "interactive": false, 
      "has_progress_bar": false, 
      "order": 6, 
      "description": "A sentence tokenizer which uses an unsupervised algorithm to build a model for abbreviation words, collocations, and words that start sentences; and then uses that model to find sentence boundaries. This approach has been shown to work well for many European languages."
    }
  }, 
  {
    "pk": 169, 
    "model": "workflows.abstractoutput", 
    "fields": {
      "widget": 169, 
      "name": "Tokenizer", 
      "short_name": "tkn", 
      "variable": "tokenizer", 
      "uid": "afe78641-95a9-4169-a94f-8856e201f6b1", 
      "order": 1, 
      "description": "A python dictionary containing the Tokenizer object and its arguments."
    }
  }, 
  {
    "pk": 168, 
    "model": "workflows.abstractwidget", 
    "fields": {
      "category": 41, 
      "treeview_image": "", 
      "name": "Treebank Word Tokenizer", 
      "is_streaming": false, 
      "uid": "30e18e0a-8330-4f4d-b1dd-dcd06aeec2ae", 
      "interaction_view": "", 
      "image": "", 
      "package": "nltoolkit", 
      "static_image": "token_word_image.png", 
      "windows_queue": false, 
      "post_interact_action": "", 
      "user": null, 
      "visualization_view": "", 
      "streaming_visualization_view": "", 
      "action": "nltk_treebank_word_tokenizer", 
      "wsdl_method": "", 
      "wsdl": "", 
      "interactive": false, 
      "has_progress_bar": false, 
      "order": 6, 
      "description": "    The Treebank tokenizer uses regular expressions to tokenize text as in Penn Treebank.\r\n    This is the method that is invoked by ``word_tokenize()``.  It assumes that the\r\n    text has already been segmented into sentences, e.g. using ``sent_tokenize()``.\r\n\r\n    This tokenizer performs the following steps:\r\n\r\n    - split standard contractions, e.g. ``don't`` -> ``do n't`` and ``they'll`` -> ``they 'll``\r\n    - treat most punctuation characters as separate tokens\r\n    - split off commas and single quotes, when followed by whitespace\r\n    - separate periods that appear at the end of line\r\n\r\n        >>> from nltk.tokenize import TreebankWordTokenizer\r\n        >>> s = '''Good muffins cost $3.88\\\\nin New York.  Please buy me\\\\ntwo of them.\\\\n\\\\nThanks.'''\r\n        >>> TreebankWordTokenizer().tokenize(s)\r\n        ['Good', 'muffins', 'cost', '$', '3.88', 'in', 'New', 'York.',\r\n        'Please', 'buy', 'me', 'two', 'of', 'them', '.', 'Thanks', '.']\r\n        >>> s = \"They'll save and invest more.\"\r\n        >>> TreebankWordTokenizer().tokenize(s)\r\n        ['They', \"'ll\", 'save', 'and', 'invest', 'more', '.']\r\n\r\n    NB. this tokenizer assumes that the text is presented as one sentence per line,\r\n    where each line is delimited with a newline character.\r\n    The only periods to be treated as separate tokens are those appearing\r\n    at the end of a line."
    }
  }, 
  {
    "pk": 414, 
    "model": "workflows.abstractinput", 
    "fields": {
      "widget": 168, 
      "name": "Type", 
      "short_name": "typ", 
      "uid": "39bda283-65a9-4d87-bc12-5f62fd43b38c", 
      "default": "AllChars", 
      "required": true, 
      "multi": false, 
      "parameter_type": "select", 
      "variable": "type", 
      "parameter": true, 
      "order": 1, 
      "description": "Latino.TextMining.TokenizerType"
    }
  }, 
  {
    "pk": 168, 
    "model": "workflows.abstractoutput", 
    "fields": {
      "widget": 168, 
      "name": "Tokenizer", 
      "short_name": "tkn", 
      "variable": "tokenizer", 
      "uid": "b2812153-04ac-47d3-ab6f-4147e6fccb4f", 
      "order": 1, 
      "description": ""
    }
  }, 
  {
    "pk": 35, 
    "model": "workflows.category", 
    "fields": {
      "uid": "2e5cfc0a-c916-45b3-b53f-c3234a408bbd", 
      "parent": null, 
      "workflow": null, 
      "user": null, 
      "order": 4, 
      "name": "Tagging"
    }
  }, 
  {
    "pk": 183, 
    "model": "workflows.abstractwidget", 
    "fields": {
      "category": 35, 
      "treeview_image": "", 
      "name": "POS Tagger Hub", 
      "is_streaming": false, 
      "uid": "0bbbae31-49fc-40a4-a565-187c4c5f1575", 
      "interaction_view": "", 
      "image": "", 
      "package": "nltoolkit", 
      "static_image": "tag_pos_do_image.png", 
      "windows_queue": false, 
      "post_interact_action": "", 
      "user": null, 
      "visualization_view": "", 
      "streaming_visualization_view": "", 
      "action": "pos_tagger_hub", 
      "wsdl_method": "", 
      "wsdl": "", 
      "interactive": false, 
      "has_progress_bar": false, 
      "order": 2, 
      "description": "TODO"
    }
  }, 
  {
    "pk": 453, 
    "model": "workflows.abstractinput", 
    "fields": {
      "widget": 183, 
      "name": "Annotated Document Corpus", 
      "short_name": "adc", 
      "uid": "f769fea1-3600-4c01-817e-3cbf6214c4df", 
      "default": "", 
      "required": true, 
      "multi": false, 
      "parameter_type": null, 
      "variable": "adc", 
      "parameter": false, 
      "order": 1, 
      "description": "LatinoClowdFlows.DocumentCorpus"
    }
  }, 
  {
    "pk": 454, 
    "model": "workflows.abstractinput", 
    "fields": {
      "widget": 183, 
      "name": "POS Tagger", 
      "short_name": "tgr", 
      "uid": "6f5f601d-d89c-4578-a6cc-f91750013c78", 
      "default": "", 
      "required": true, 
      "multi": false, 
      "parameter_type": null, 
      "variable": "pos_tagger", 
      "parameter": false, 
      "order": 2, 
      "description": "OpenNLP.Tools.PosTagger.EnglishMaximumEntropyPosTagger"
    }
  }, 
  {
    "pk": 455, 
    "model": "workflows.abstractinput", 
    "fields": {
      "widget": 183, 
      "name": "Sentence's Annotation", 
      "short_name": "str", 
      "uid": "575212d6-fabc-4eb4-b725-f2f095538c7a", 
      "default": "Sentence", 
      "required": true, 
      "multi": false, 
      "parameter_type": "text", 
      "variable": "group_annotation", 
      "parameter": true, 
      "order": 3, 
      "description": "System.String"
    }
  }, 
  {
    "pk": 456, 
    "model": "workflows.abstractinput", 
    "fields": {
      "widget": 183, 
      "name": "Element's Annotation", 
      "short_name": "str", 
      "uid": "5efe8312-301e-4fe9-aef8-d39762594584", 
      "default": "Token", 
      "required": true, 
      "multi": false, 
      "parameter_type": "text", 
      "variable": "element_annotation", 
      "parameter": true, 
      "order": 4, 
      "description": "System.String"
    }
  }, 
  {
    "pk": 457, 
    "model": "workflows.abstractinput", 
    "fields": {
      "widget": 183, 
      "name": "Output Feature Name", 
      "short_name": "str", 
      "uid": "42602fdc-7094-465b-8c8c-0ab19fd9ef44", 
      "default": "POS Tag", 
      "required": true, 
      "multi": false, 
      "parameter_type": "text", 
      "variable": "output_feature", 
      "parameter": true, 
      "order": 5, 
      "description": "System.String"
    }
  }, 
  {
    "pk": 183, 
    "model": "workflows.abstractoutput", 
    "fields": {
      "widget": 183, 
      "name": "Annotated Document Corpus", 
      "short_name": "adc", 
      "variable": "adc", 
      "uid": "cded8ae2-2518-420a-a8ff-662ca07c57bc", 
      "order": 1, 
      "description": ""
    }
  }, 
  {
    "pk": 179, 
    "model": "workflows.abstractwidget", 
    "fields": {
      "category": 35, 
      "treeview_image": "", 
      "name": "Stem/Lemma Tagger Hub", 
      "is_streaming": false, 
      "uid": "8710e976-8020-45c3-bbeb-5e523871525c", 
      "interaction_view": "", 
      "image": "", 
      "package": "nltoolkit", 
      "static_image": "tag_stem_do_image.png", 
      "windows_queue": false, 
      "post_interact_action": "", 
      "user": null, 
      "visualization_view": "", 
      "streaming_visualization_view": "", 
      "action": "stem_lemma_tagger_hub", 
      "wsdl_method": "", 
      "wsdl": "", 
      "interactive": false, 
      "has_progress_bar": false, 
      "order": 5, 
      "description": "Taggs the given annotated document corpus with the given tagger."
    }
  }, 
  {
    "pk": 447, 
    "model": "workflows.abstractinput", 
    "fields": {
      "widget": 179, 
      "name": "Annotated Document Corpus", 
      "short_name": "adc", 
      "uid": "786e1f2b-8e77-4732-9f6d-e9757dd36564", 
      "default": "", 
      "required": true, 
      "multi": false, 
      "parameter_type": null, 
      "variable": "adc", 
      "parameter": false, 
      "order": 1, 
      "description": "LatinoClowdFlows.DocumentCorpus"
    }
  }, 
  {
    "pk": 448, 
    "model": "workflows.abstractinput", 
    "fields": {
      "widget": 179, 
      "name": "Token Tagger", 
      "short_name": "tgr", 
      "uid": "07d4636f-5ec1-4cdb-8ea0-2a35930c2499", 
      "default": "Output feature name specifies how the token will be tagged (assigend the feature to)\r\nIf multiple taggers are used then one line per tagger must be specified.", 
      "required": true, 
      "multi": false, 
      "parameter_type": null, 
      "variable": "tagger", 
      "parameter": false, 
      "order": 2, 
      "description": "Token Annotation of the token to be tagged. If also the feature name is used than the feature value of selected token will be tagged.\r\nUsage: \r\n1. TokenName\r\n2. TokenName/FeatureName\r\nIf multiple taggers are used then one line per tagger must be specified."
    }
  }, 
  {
    "pk": 449, 
    "model": "workflows.abstractinput", 
    "fields": {
      "widget": 179, 
      "name": "Token Annotation", 
      "short_name": "str", 
      "uid": "72232775-edbc-4748-8b7f-77eb5023048c", 
      "default": "Token", 
      "required": true, 
      "multi": false, 
      "parameter_type": "text", 
      "variable": "element_annotation", 
      "parameter": true, 
      "order": 3, 
      "description": "System.String"
    }
  }, 
  {
    "pk": 450, 
    "model": "workflows.abstractinput", 
    "fields": {
      "widget": 179, 
      "name": "Output Feature Name", 
      "short_name": "str", 
      "uid": "a7946246-3719-4f0e-b915-1512183aa472", 
      "default": "Stem", 
      "required": true, 
      "multi": false, 
      "parameter_type": "text", 
      "variable": "output_feature", 
      "parameter": true, 
      "order": 4, 
      "description": "System.String"
    }
  }, 
  {
    "pk": 179, 
    "model": "workflows.abstractoutput", 
    "fields": {
      "widget": 179, 
      "name": "Annotated Document Corpus", 
      "short_name": "adc", 
      "variable": "adc", 
      "uid": "2882c119-5077-49a0-80dc-466cf30c5eb6", 
      "order": 1, 
      "description": ""
    }
  }, 
  {
    "pk": 173, 
    "model": "workflows.abstractwidget", 
    "fields": {
      "category": 35, 
      "treeview_image": "", 
      "name": "Stop Word Tagger Hub", 
      "is_streaming": false, 
      "uid": "2ee11f95-19c1-4849-9a08-1587959db3c1", 
      "interaction_view": "", 
      "image": "", 
      "package": "nltoolkit", 
      "static_image": "tag_stop_do_image.png", 
      "windows_queue": false, 
      "post_interact_action": "", 
      "user": null, 
      "visualization_view": "", 
      "streaming_visualization_view": "", 
      "action": "stop_word_tagger_hub", 
      "wsdl_method": "", 
      "wsdl": "", 
      "interactive": false, 
      "has_progress_bar": false, 
      "order": 8, 
      "description": "Apply the *stop_word_tagger* object on the Annotated Document Corpus (*adc*):\r\n\r\n1. first select only annotations of type Token Annotation *element_annotation*,\r\n2. apply the stop_word tagger\r\n3. create new annotations *output_feature* with the outputs of the stop word tagger.\r\n"
    }
  }, 
  {
    "pk": 432, 
    "model": "workflows.abstractinput", 
    "fields": {
      "widget": 173, 
      "name": "Annotated Document Corpus", 
      "short_name": "adc", 
      "uid": "c5745036-078d-44ef-881c-9dbc43be9bb6", 
      "default": "", 
      "required": true, 
      "multi": false, 
      "parameter_type": null, 
      "variable": "adc", 
      "parameter": false, 
      "order": 1, 
      "description": "Annotated Document Corpus (workflows.textflows.DocumentCorpus)"
    }
  }, 
  {
    "pk": 433, 
    "model": "workflows.abstractinput", 
    "fields": {
      "widget": 173, 
      "name": "Stop Word Tagger", 
      "short_name": "tgr", 
      "uid": "b1d8d6e9-43c8-4a67-8ea6-dd62c5e5aa67", 
      "default": "", 
      "required": true, 
      "multi": false, 
      "parameter_type": null, 
      "variable": "stop_word_tagger", 
      "parameter": false, 
      "order": 2, 
      "description": "A python dictionary containing the stop word tagger object and its arguments."
    }
  }, 
  {
    "pk": 434, 
    "model": "workflows.abstractinput", 
    "fields": {
      "widget": 173, 
      "name": "Token Annotation", 
      "short_name": "str", 
      "uid": "245dd339-85de-4ddf-a39b-d3bb47881711", 
      "default": "Token", 
      "required": true, 
      "multi": false, 
      "parameter_type": "text", 
      "variable": "element_annotation", 
      "parameter": true, 
      "order": 3, 
      "description": "Which annotated part of document to be searched for stopwords."
    }
  }, 
  {
    "pk": 435, 
    "model": "workflows.abstractinput", 
    "fields": {
      "widget": 173, 
      "name": "Output Feature Name", 
      "short_name": "str", 
      "uid": "623a2684-0327-45e3-be7a-6f9c8d320c16", 
      "default": "StopWord", 
      "required": true, 
      "multi": false, 
      "parameter_type": "text", 
      "variable": "output_feature", 
      "parameter": true, 
      "order": 4, 
      "description": "How to annotate the newly discovered stop word features."
    }
  }, 
  {
    "pk": 174, 
    "model": "workflows.abstractoutput", 
    "fields": {
      "widget": 173, 
      "name": "Annotated Document Corpus", 
      "short_name": "adc", 
      "variable": "adc", 
      "uid": "d858ac7b-0e3c-4ce6-a942-60d9d63caaa9", 
      "order": 1, 
      "description": "Annotated Document Corpus (workflows.textflows.DocumentCorpus)"
    }
  }, 
  {
    "pk": 42, 
    "model": "workflows.category", 
    "fields": {
      "uid": "017444c3-afd0-4300-9766-bedeaef10765", 
      "parent": 35, 
      "workflow": null, 
      "user": null, 
      "order": 1, 
      "name": "Nltk"
    }
  }, 
  {
    "pk": 181, 
    "model": "workflows.abstractwidget", 
    "fields": {
      "category": 42, 
      "treeview_image": "", 
      "name": "Lancaster Stemmer", 
      "is_streaming": false, 
      "uid": "c0e1ddea-5164-428b-ba4b-cdf790f387e4", 
      "interaction_view": "", 
      "image": "", 
      "package": "nltoolkit", 
      "static_image": "tag_stem_image.png", 
      "windows_queue": false, 
      "post_interact_action": "", 
      "user": null, 
      "visualization_view": "", 
      "streaming_visualization_view": "", 
      "action": "nltk_lancaster_stemmer", 
      "wsdl_method": "", 
      "wsdl": "", 
      "interactive": false, 
      "has_progress_bar": false, 
      "order": 4, 
      "description": "A word stemmer based on the Lancaster stemming algorithm.\r\n\r\n        >>> from nltk.stem.lancaster import LancasterStemmer\r\n        >>> st = LancasterStemmer()\r\n        >>> st.stem('maximum')     # Remove \"-um\" when word is intact\r\n        'maxim'\r\n        >>> st.stem('presumably')  # Don't remove \"-um\" when word is not intact\r\n        'presum'\r\n        >>> st.stem('multiply')    # No action taken if word ends with \"-ply\"\r\n        'multiply'\r\n        >>> st.stem('provision')   # Replace \"-sion\" with \"-j\" to trigger \"j\" set of rules\r\n        'provid'\r\n        >>> st.stem('owed')        # Word starting with vowel must contain at least 2 letters\r\n        'ow'\r\n        >>> st.stem('ear')         # ditto\r\n        'ear'\r\n        >>> st.stem('saying')      # Words starting with consonant must contain at least 3\r\n        'say'\r\n        >>> st.stem('crying')      #     letters and one of those letters must be a vowel\r\n        'cry'\r\n        >>> st.stem('string')      # ditto\r\n        'string'\r\n        >>> st.stem('meant')       # ditto\r\n        'meant'\r\n        >>> st.stem('cement')      # ditto\r\n        'cem'"
    }
  }, 
  {
    "pk": 181, 
    "model": "workflows.abstractoutput", 
    "fields": {
      "widget": 181, 
      "name": "Stemmer (Tagger)", 
      "short_name": "tgr", 
      "variable": "tagger", 
      "uid": "23346ed8-bfe2-4c2e-84c6-106d7f7a7f3e", 
      "order": 1, 
      "description": ""
    }
  }, 
  {
    "pk": 182, 
    "model": "workflows.abstractwidget", 
    "fields": {
      "category": 42, 
      "treeview_image": "", 
      "name": "Porter Stemmer", 
      "is_streaming": false, 
      "uid": "5746f13a-5cb8-4472-adcd-9e7deb7b540c", 
      "interaction_view": "", 
      "image": "", 
      "package": "nltoolkit", 
      "static_image": "tag_stem_image.png", 
      "windows_queue": false, 
      "post_interact_action": "", 
      "user": null, 
      "visualization_view": "", 
      "streaming_visualization_view": "", 
      "action": "nltk_porter_stemmer", 
      "wsdl_method": "", 
      "wsdl": "", 
      "interactive": false, 
      "has_progress_bar": false, 
      "order": 4, 
      "description": "This is the Porter stemming algorithm, ported to Python from the version coded up in ANSI C by the author. It follows the algorithm presented in \r\n\r\nPorter, M. \"An algorithm for suffix stripping.\" Program 14.3 (1980): 130-137.\r\n\r\nonly differing from it at the points marked --DEPARTURE-- and --NEW--\r\nbelow.\r\n\r\nFor a more faithful version of the Porter algorithm, see\r\nhttp://www.tartarus.org/~martin/PorterStemmer/\r\n"
    }
  }, 
  {
    "pk": 182, 
    "model": "workflows.abstractoutput", 
    "fields": {
      "widget": 182, 
      "name": "Stemmer (Tagger)", 
      "short_name": "tgr", 
      "variable": "tagger", 
      "uid": "30a0c173-06ee-4726-a1d7-110f0ec84ed4", 
      "order": 1, 
      "description": ""
    }
  }, 
  {
    "pk": 180, 
    "model": "workflows.abstractwidget", 
    "fields": {
      "category": 42, 
      "treeview_image": "", 
      "name": "Stopwords Tagger", 
      "is_streaming": false, 
      "uid": "fcf93056-8fa3-444b-a203-f58a85157a93", 
      "interaction_view": "", 
      "image": "", 
      "package": "nltoolkit", 
      "static_image": "tag_stop_image.png", 
      "windows_queue": false, 
      "post_interact_action": "", 
      "user": null, 
      "visualization_view": "", 
      "streaming_visualization_view": "", 
      "action": "nltk_stop_word_tagger", 
      "wsdl_method": "", 
      "wsdl": "", 
      "interactive": false, 
      "has_progress_bar": false, 
      "order": 7, 
      "description": "Constructs a python stop word tagger object.\r\n"
    }
  }, 
  {
    "pk": 451, 
    "model": "workflows.abstractinput", 
    "fields": {
      "widget": 180, 
      "name": "Stop Words", 
      "short_name": "str", 
      "uid": "0572bb02-0fb7-4b83-b759-680bdf8cacb7", 
      "default": "", 
      "required": true, 
      "multi": false, 
      "parameter_type": null, 
      "variable": "stop_words", 
      "parameter": false, 
      "order": 1, 
      "description": "A list or string (stop words separated by new lines) of stop words."
    }
  }, 
  {
    "pk": 452, 
    "model": "workflows.abstractinput", 
    "fields": {
      "widget": 180, 
      "name": "Ignore Case", 
      "short_name": "bol", 
      "uid": "aced5810-e09d-4bb8-b307-83d32049e9cf", 
      "default": "true", 
      "required": true, 
      "multi": false, 
      "parameter_type": "checkbox", 
      "variable": "ignore_case", 
      "parameter": true, 
      "order": 2, 
      "description": "If true than words are marked as stop word regardless of their casing."
    }
  }, 
  {
    "pk": 180, 
    "model": "workflows.abstractoutput", 
    "fields": {
      "widget": 180, 
      "name": "Stop Word Tagger", 
      "short_name": "tgr", 
      "variable": "stop_word_tagger", 
      "uid": "a9b43282-d68a-4e51-9ced-825ef97cec61", 
      "order": 1, 
      "description": "A python dictionary containing the StopWordTagger object and its arguments."
    }
  }, 
  {
    "pk": 187, 
    "model": "workflows.abstractwidget", 
    "fields": {
      "category": 42, 
      "treeview_image": "", 
      "name": "POS Affix Tagger", 
      "is_streaming": false, 
      "uid": "1de9a8b5-d9b4-4825-a9c6-391d76116a33", 
      "interaction_view": "", 
      "image": "", 
      "package": "nltoolkit", 
      "static_image": "tag_pos_image.png", 
      "windows_queue": false, 
      "post_interact_action": "", 
      "user": null, 
      "visualization_view": "", 
      "streaming_visualization_view": "", 
      "action": "nltk_affix_pos_tagger", 
      "wsdl_method": "", 
      "wsdl": "", 
      "interactive": false, 
      "has_progress_bar": false, 
      "order": 100, 
      "description": "A tagger that chooses a token's tag based on a leading or trailing\r\nsubstring of its word string.  (It is important to note that these\r\nsubstrings are not necessarily \"true\" morphological affixes).  In\r\nparticular, a fixed-length substring of the word is looked up in a\r\ntable, and the corresponding tag is returned.  Affix taggers are\r\ntypically constructed by training them on a tagged corpus."
    }
  }, 
  {
    "pk": 467, 
    "model": "workflows.abstractinput", 
    "fields": {
      "widget": 187, 
      "name": "Training Corpus", 
      "short_name": "cor", 
      "uid": "6d8fe8de-2d18-49db-a0fd-9bde3859dc72", 
      "default": "", 
      "required": true, 
      "multi": false, 
      "parameter_type": null, 
      "variable": "training_corpus", 
      "parameter": false, 
      "order": 1, 
      "description": "A tagged corpus included with NLTK, such as treebank, brown, cess_esp, floresta, or an Annotated Document Corpus in the standard TextFlows' adc format"
    }
  }, 
  {
    "pk": 468, 
    "model": "workflows.abstractinput", 
    "fields": {
      "widget": 187, 
      "name": "Backoff Tagger", 
      "short_name": "tgr", 
      "uid": "d02b5b26-b436-4a4a-ab95-fa24df0d3105", 
      "default": "", 
      "required": false, 
      "multi": false, 
      "parameter_type": null, 
      "variable": "backoff_tagger", 
      "parameter": false, 
      "order": 2, 
      "description": "A backoff tagger, to be used by the new tagger if it encounters an unknown context."
    }
  }, 
  {
    "pk": 469, 
    "model": "workflows.abstractinput", 
    "fields": {
      "widget": 187, 
      "name": "Affix Length", 
      "short_name": "nnn", 
      "uid": "fc504a68-f45f-4c41-9e08-56550aa17031", 
      "default": "-3", 
      "required": true, 
      "multi": false, 
      "parameter_type": "text", 
      "variable": "affix_length", 
      "parameter": true, 
      "order": 3, 
      "description": "The length of the affixes that should be considered during training and tagging.  Use negative numbers for suffixes."
    }
  }, 
  {
    "pk": 470, 
    "model": "workflows.abstractinput", 
    "fields": {
      "widget": 187, 
      "name": "Cutoff", 
      "short_name": "cut", 
      "uid": "c071c373-5adc-40e8-9268-90155dfb1dfc", 
      "default": "0", 
      "required": true, 
      "multi": false, 
      "parameter_type": "text", 
      "variable": "cutoff", 
      "parameter": true, 
      "order": 4, 
      "description": "If the most likely tag for a context occurs fewer than *cutoff* times, then exclude it from the context-to-tag table for the new tagger."
    }
  }, 
  {
    "pk": 471, 
    "model": "workflows.abstractinput", 
    "fields": {
      "widget": 187, 
      "name": "Minimum Stem Length", 
      "short_name": "msl", 
      "uid": "84dc7d2f-05a0-4f66-8f72-0ec3c386ecb6", 
      "default": "2", 
      "required": true, 
      "multi": false, 
      "parameter_type": "text", 
      "variable": "min_stem_length", 
      "parameter": true, 
      "order": 5, 
      "description": "Any words whose length is less than min_stem_length+abs(affix_length) will be assigned a tag of None by this tagger."
    }
  }, 
  {
    "pk": 187, 
    "model": "workflows.abstractoutput", 
    "fields": {
      "widget": 187, 
      "name": "POS Tagger", 
      "short_name": "tgr", 
      "variable": "pos_tagger", 
      "uid": "5062a84a-cf3b-457d-a898-33e463561591", 
      "order": 1, 
      "description": "A python dictionary containing the POS tagger object and its arguments."
    }
  }, 
  {
    "pk": 189, 
    "model": "workflows.abstractwidget", 
    "fields": {
      "category": 42, 
      "treeview_image": "", 
      "name": "POS Brill's rule-based Tagger", 
      "is_streaming": false, 
      "uid": "e8702601-7728-4719-a7ae-bbfb9aea1434", 
      "interaction_view": "", 
      "image": "", 
      "package": "nltoolkit", 
      "static_image": "tag_pos_image.png", 
      "windows_queue": false, 
      "post_interact_action": "", 
      "user": null, 
      "visualization_view": "", 
      "streaming_visualization_view": "", 
      "action": "nltk_brill_pos_tagger", 
      "wsdl_method": "", 
      "wsdl": "", 
      "interactive": false, 
      "has_progress_bar": false, 
      "order": 100, 
      "description": "\"\"\"Brill's transformational rule-based tagger.  Brill taggers use an\r\ninitial tagger (such as ``tag.DefaultTagger``) to assign an initial\r\ntag sequence to a text; and then apply an ordered list of\r\ntransformational rules to correct the tags of individual tokens.\r\nThese transformation rules are specified by the ``BrillRule``\r\ninterface.\r\n\r\nBrill taggers can be created directly, from an initial tagger and\r\na list of transformational rules; but more often, Brill taggers\r\nare created by learning rules from a training corpus, using either\r\n``BrillTaggerTrainer`` or ``FastBrillTaggerTrainer``."
    }
  }, 
  {
    "pk": 476, 
    "model": "workflows.abstractinput", 
    "fields": {
      "widget": 189, 
      "name": "Training Corpus", 
      "short_name": "cor", 
      "uid": "bd881e97-4c22-4643-9da2-d065e9de0723", 
      "default": "", 
      "required": true, 
      "multi": false, 
      "parameter_type": null, 
      "variable": "training_corpus", 
      "parameter": false, 
      "order": 1, 
      "description": "A tagged corpus included with NLTK, such as treebank, brown, cess_esp, floresta, or an Annotated Document Corpus in the standard TextFlows' adc format"
    }
  }, 
  {
    "pk": 477, 
    "model": "workflows.abstractinput", 
    "fields": {
      "widget": 189, 
      "name": "Initial Tagger", 
      "short_name": "tgr", 
      "uid": "93594713-d320-4902-b456-92176ed502f4", 
      "default": "", 
      "required": true, 
      "multi": false, 
      "parameter_type": null, 
      "variable": "initial_tagger", 
      "parameter": false, 
      "order": 2, 
      "description": "The initial tagger. Brill taggers use an initial tagger (such as ``DefaultTagger``) to assign an initial tag sequence to a text."
    }
  }, 
  {
    "pk": 478, 
    "model": "workflows.abstractinput", 
    "fields": {
      "widget": 189, 
      "name": "Max Rules", 
      "short_name": "mru", 
      "uid": "000d3e76-901f-4ee2-9efe-34ffb4633fb0", 
      "default": "200", 
      "required": true, 
      "multi": false, 
      "parameter_type": "text", 
      "variable": "max_rules", 
      "parameter": true, 
      "order": 3, 
      "description": "The maximum number of transformations to be created"
    }
  }, 
  {
    "pk": 479, 
    "model": "workflows.abstractinput", 
    "fields": {
      "widget": 189, 
      "name": "Min Score", 
      "short_name": "msc", 
      "uid": "cd670e97-68b0-48b0-8ae9-e1fa75d01cf8", 
      "default": "2", 
      "required": true, 
      "multi": false, 
      "parameter_type": "text", 
      "variable": "min_score", 
      "parameter": true, 
      "order": 4, 
      "description": "The minimum acceptable net error reduction that each transformation must produce in the corpus."
    }
  }, 
  {
    "pk": 483, 
    "model": "workflows.abstractinput", 
    "fields": {
      "widget": 189, 
      "name": "Templates", 
      "short_name": "tmp", 
      "uid": "bd7e8b4f-cd7b-45fe-9e0f-908bb859ec6f", 
      "default": "brill24", 
      "required": true, 
      "multi": false, 
      "parameter_type": "select", 
      "variable": "templates", 
      "parameter": true, 
      "order": 5, 
      "description": "Templates to be used in training TODO: meaning?!\r\n\r\nOptions:\r\n- nltkdemo18:\r\n    Return 18 templates, from the original nltk demo, in multi-feature syntax\r\n- nltkdemo18plus:\r\n    Return 18 templates, from the original nltk demo, and additionally a few\r\n    multi-feature ones (the motivation is easy comparison with nltkdemo18)\r\n- brill24:\r\n    Return 24 templates of the seminal TBL paper, Brill (1995)\r\n- fntbl37:\r\n    Return 37 templates taken from the postagging task of the\r\n    fntbl distribution http://www.cs.jhu.edu/~rflorian/fntbl/\r\n    (37 is after excluding a handful which do not condition on Pos[0];\r\n    fntbl can do that but the current nltk implementation cannot.)"
    }
  }, 
  {
    "pk": 131, 
    "model": "workflows.abstractoption", 
    "fields": {
      "uid": "dcf226b2-89e5-4341-887a-c4296ad730fe", 
      "abstract_input": 483, 
      "value": "brill24", 
      "name": "brill24"
    }
  }, 
  {
    "pk": 134, 
    "model": "workflows.abstractoption", 
    "fields": {
      "uid": "088f4113-6844-42fa-8270-2c892bea3a57", 
      "abstract_input": 483, 
      "value": "fntbl37", 
      "name": "fntbl37"
    }
  }, 
  {
    "pk": 132, 
    "model": "workflows.abstractoption", 
    "fields": {
      "uid": "8c9864a5-2961-440e-be5a-a709efae1b17", 
      "abstract_input": 483, 
      "value": "nltkdemo18", 
      "name": "nltkdemo18"
    }
  }, 
  {
    "pk": 133, 
    "model": "workflows.abstractoption", 
    "fields": {
      "uid": "d5b8cd7d-ba38-4978-a783-ff0dbf79f7f5", 
      "abstract_input": 483, 
      "value": "nltkdemo18plus", 
      "name": "nltkdemo18plus"
    }
  }, 
  {
    "pk": 189, 
    "model": "workflows.abstractoutput", 
    "fields": {
      "widget": 189, 
      "name": "POS Tagger", 
      "short_name": "tgr", 
      "variable": "pos_tagger", 
      "uid": "99f7cda3-3303-49f2-a895-e562dec52de6", 
      "order": 1, 
      "description": "A python dictionary containing the POS tagger object and its arguments."
    }
  }, 
  {
    "pk": 188, 
    "model": "workflows.abstractwidget", 
    "fields": {
      "category": 42, 
      "treeview_image": "", 
      "name": "POS Classifier-based Tagger", 
      "is_streaming": false, 
      "uid": "dcc5dc6c-9d35-4556-9698-4024f5cf7d0a", 
      "interaction_view": "", 
      "image": "", 
      "package": "nltoolkit", 
      "static_image": "tag_pos_image.png", 
      "windows_queue": false, 
      "post_interact_action": "", 
      "user": null, 
      "visualization_view": "", 
      "streaming_visualization_view": "", 
      "action": "nltk_classifier_based_pos_tagger", 
      "wsdl_method": "", 
      "wsdl": "", 
      "interactive": false, 
      "has_progress_bar": false, 
      "order": 100, 
      "description": "A sequential tagger that uses a classifier to choose the tag for\r\neach token in a sentence.  The featureset input for the classifier\r\nis generated by a feature detector function::\r\n\r\n    feature_detector(tokens, index, history) -> featureset\r\n\r\nWhere tokens is the list of unlabeled tokens in the sentence;\r\nindex is the index of the token for which feature detection\r\nshould be performed; and history is list of the tags for all\r\ntokens before index.\r\n\r\nConstruct a new classifier-based sequential tagger."
    }
  }, 
  {
    "pk": 472, 
    "model": "workflows.abstractinput", 
    "fields": {
      "widget": 188, 
      "name": "Training Corpus", 
      "short_name": "cor", 
      "uid": "068e9777-c614-4176-8109-fc36df9059b1", 
      "default": "", 
      "required": false, 
      "multi": false, 
      "parameter_type": null, 
      "variable": "training_corpus", 
      "parameter": false, 
      "order": 1, 
      "description": "A tagged corpus included with NLTK, such as treebank, brown, cess_esp, floresta, or an Annotated Document Corpus in the standard TextFlows' adc format"
    }
  }, 
  {
    "pk": 473, 
    "model": "workflows.abstractinput", 
    "fields": {
      "widget": 188, 
      "name": "Backoff Tagger", 
      "short_name": "tgr", 
      "uid": "1e2aa1a2-4d7e-4174-8b8f-1b9c79b202db", 
      "default": "", 
      "required": false, 
      "multi": false, 
      "parameter_type": null, 
      "variable": "backoff_tagger", 
      "parameter": false, 
      "order": 2, 
      "description": "A backoff tagger, to be used by the new tagger if it encounters an unknown context."
    }
  }, 
  {
    "pk": 474, 
    "model": "workflows.abstractinput", 
    "fields": {
      "widget": 188, 
      "name": "Classifier", 
      "short_name": "csf", 
      "uid": "25e5184d-bce4-4d22-b6dd-8ee71a358386", 
      "default": "1", 
      "required": false, 
      "multi": false, 
      "parameter_type": null, 
      "variable": "classifier", 
      "parameter": false, 
      "order": 3, 
      "description": "The classifier that should be used by the tagger.  This is useful if you want to use a manually constructed classifier for POS tagging."
    }
  }, 
  {
    "pk": 475, 
    "model": "workflows.abstractinput", 
    "fields": {
      "widget": 188, 
      "name": "Cutoff Probability", 
      "short_name": "cut", 
      "uid": "1e8d6b5d-94f0-437d-b304-f43a273f36b1", 
      "default": "", 
      "required": true, 
      "multi": false, 
      "parameter_type": "text", 
      "variable": "cutoff_prob", 
      "parameter": true, 
      "order": 4, 
      "description": "If specified, then this tagger will fall back on its backoff tagger if the probability of the most likely tag is less than *cutoff_prob*."
    }
  }, 
  {
    "pk": 188, 
    "model": "workflows.abstractoutput", 
    "fields": {
      "widget": 188, 
      "name": "POS Tagger", 
      "short_name": "tgr", 
      "variable": "pos_tagger", 
      "uid": "202d176a-1790-4d69-bd94-808f50ae0b93", 
      "order": 1, 
      "description": "A python dictionary containing the POS tagger object and its arguments."
    }
  }, 
  {
    "pk": 185, 
    "model": "workflows.abstractwidget", 
    "fields": {
      "category": 42, 
      "treeview_image": "", 
      "name": "POS Default Tagger", 
      "is_streaming": false, 
      "uid": "a3009803-8b80-455d-994e-3fb43618efb1", 
      "interaction_view": "", 
      "image": "", 
      "package": "nltoolkit", 
      "static_image": "tag_pos_image.png", 
      "windows_queue": false, 
      "post_interact_action": "", 
      "user": null, 
      "visualization_view": "", 
      "streaming_visualization_view": "", 
      "action": "nltk_default_pos_tagger", 
      "wsdl_method": "", 
      "wsdl": "", 
      "interactive": false, 
      "has_progress_bar": false, 
      "order": 100, 
      "description": "A tagger that assigns the same tag to every token.\r\n\r\n    >>> from nltk.tag.sequential import DefaultTagger\r\n    >>> default_tagger = DefaultTagger('NN')\r\n    >>> default_tagger.tag('This is a test'.split())\r\n    [('This', 'NN'), ('is', 'NN'), ('a', 'NN'), ('test', 'NN')]\r\n\r\nThis tagger is recommended as a backoff tagger, in cases where\r\na more powerful tagger is unable to assign a tag to the word\r\n(e.g. because the word was not seen during training)."
    }
  }, 
  {
    "pk": 459, 
    "model": "workflows.abstractinput", 
    "fields": {
      "widget": 185, 
      "name": "Default tag", 
      "short_name": "tag", 
      "uid": "fc98d2c8-102c-4796-a88c-cd20c1e49ac6", 
      "default": "-None-", 
      "required": true, 
      "multi": false, 
      "parameter_type": "text", 
      "variable": "default_tag", 
      "parameter": true, 
      "order": 1, 
      "description": "The default tag \"-None-\". Set this to a different tag, such as \"NN\", to change the default tag."
    }
  }, 
  {
    "pk": 185, 
    "model": "workflows.abstractoutput", 
    "fields": {
      "widget": 185, 
      "name": "POS Tagger", 
      "short_name": "tgr", 
      "variable": "pos_tagger", 
      "uid": "21d7b641-701b-42fa-8a14-feb556cae89d", 
      "order": 1, 
      "description": "A python dictionary containing the POS tagger object and its arguments."
    }
  }, 
  {
    "pk": 186, 
    "model": "workflows.abstractwidget", 
    "fields": {
      "category": 42, 
      "treeview_image": "", 
      "name": "POS N-gram Tagger", 
      "is_streaming": false, 
      "uid": "ae9955c4-8175-4b61-92b9-9c9389f65000", 
      "interaction_view": "", 
      "image": "", 
      "package": "nltoolkit", 
      "static_image": "tag_pos_image.png", 
      "windows_queue": false, 
      "post_interact_action": "", 
      "user": null, 
      "visualization_view": "", 
      "streaming_visualization_view": "", 
      "action": "nltk_ngram_pos_tagger", 
      "wsdl_method": "", 
      "wsdl": "", 
      "interactive": false, 
      "has_progress_bar": false, 
      "order": 100, 
      "description": "A tagger that chooses a token's tag based on its word string and\r\non the preceding n word's tags.  In particular, a tuple\r\n(tags[i-n:i-1], words[i]) is looked up in a table, and the\r\ncorresponding tag is returned.  N-gram taggers are typically\r\ntrained on a tagged corpus.\r\n\r\nTrain a new NgramTagger using the given training data or\r\nthe supplied model.  In particular, construct a new tagger\r\nwhose table maps from each context (tag[i-n:i-1], word[i])\r\nto the most frequent tag for that context.  But exclude any\r\ncontexts that are already tagged perfectly by the backoff\r\ntagger."
    }
  }, 
  {
    "pk": 463, 
    "model": "workflows.abstractinput", 
    "fields": {
      "widget": 186, 
      "name": "Training Corpus", 
      "short_name": "cor", 
      "uid": "c311d6f1-b046-4198-8edd-a7436bf77d39", 
      "default": "", 
      "required": true, 
      "multi": false, 
      "parameter_type": null, 
      "variable": "training_corpus", 
      "parameter": false, 
      "order": 1, 
      "description": "A tagged corpus included with NLTK, such as treebank, brown, cess_esp, floresta, or an Annotated Document Corpus in the standard TextFlows' adc format"
    }
  }, 
  {
    "pk": 464, 
    "model": "workflows.abstractinput", 
    "fields": {
      "widget": 186, 
      "name": "Backoff Tagger", 
      "short_name": "tgr", 
      "uid": "53e45047-3542-458b-8461-9862de456282", 
      "default": "", 
      "required": false, 
      "multi": false, 
      "parameter_type": null, 
      "variable": "backoff_tagger", 
      "parameter": false, 
      "order": 2, 
      "description": "A backoff tagger, to be used by the new tagger if it encounters an unknown context."
    }
  }, 
  {
    "pk": 465, 
    "model": "workflows.abstractinput", 
    "fields": {
      "widget": 186, 
      "name": "N-gram", 
      "short_name": "nnn", 
      "uid": "ad727689-89fa-411f-a68f-e7ae50f4fbc9", 
      "default": "1", 
      "required": true, 
      "multi": false, 
      "parameter_type": "text", 
      "variable": "n", 
      "parameter": true, 
      "order": 3, 
      "description": "N-gram is a contiguous sequence of n items from a given sequence of text or speech."
    }
  }, 
  {
    "pk": 466, 
    "model": "workflows.abstractinput", 
    "fields": {
      "widget": 186, 
      "name": "Cutoff", 
      "short_name": "cut", 
      "uid": "9a3fa49e-3e9a-444c-bd58-3eac0ed73edf", 
      "default": "0", 
      "required": true, 
      "multi": false, 
      "parameter_type": "text", 
      "variable": "cutoff", 
      "parameter": true, 
      "order": 4, 
      "description": "If the most likely tag for a context occurs fewer than *cutoff* times, then exclude it from the context-to-tag table for the new tagger."
    }
  }, 
  {
    "pk": 186, 
    "model": "workflows.abstractoutput", 
    "fields": {
      "widget": 186, 
      "name": "POS Tagger", 
      "short_name": "tgr", 
      "variable": "pos_tagger", 
      "uid": "ac04c915-bba0-4d21-b532-ad3e56df361d", 
      "order": 1, 
      "description": "A python dictionary containing the POS tagger object and its arguments."
    }
  }, 
  {
    "pk": 36, 
    "model": "workflows.category", 
    "fields": {
      "uid": "6091637f-b3cd-4559-b525-18357b02dbc2", 
      "parent": null, 
      "workflow": null, 
      "user": null, 
      "order": 5, 
      "name": "Bag of Words"
    }
  }, 
  {
    "pk": 172, 
    "model": "workflows.abstractwidget", 
    "fields": {
      "category": 36, 
      "treeview_image": "", 
      "name": "BOW Model and Dataset", 
      "is_streaming": false, 
      "uid": "c745f516-55b3-498b-97f5-841b63b90ea8", 
      "interaction_view": "", 
      "image": "", 
      "package": "nltoolkit", 
      "static_image": "bow_space_image.png", 
      "windows_queue": false, 
      "post_interact_action": "", 
      "user": null, 
      "visualization_view": "", 
      "streaming_visualization_view": "", 
      "action": "construct_bow_space", 
      "wsdl_method": "", 
      "wsdl": "", 
      "interactive": false, 
      "has_progress_bar": false, 
      "order": 1, 
      "description": "Automatically generated widget from function ConstructBowSpace in package latino. The original function signature: ConstructBowSpace."
    }
  }, 
  {
    "pk": 422, 
    "model": "workflows.abstractinput", 
    "fields": {
      "widget": 172, 
      "name": "Annotated Document Corpus", 
      "short_name": "adc", 
      "uid": "7cb2daa0-2a41-4fd1-9784-b5ce800984f2", 
      "default": "", 
      "required": true, 
      "multi": false, 
      "parameter_type": "textarea", 
      "variable": "adc", 
      "parameter": false, 
      "order": 1, 
      "description": "LatinoClowdFlows.DocumentCorpus"
    }
  }, 
  {
    "pk": 423, 
    "model": "workflows.abstractinput", 
    "fields": {
      "widget": 172, 
      "name": "Token Annotation", 
      "short_name": "str", 
      "uid": "f40410c6-6121-46b4-bd00-46a4a83730b0", 
      "default": "Token", 
      "required": true, 
      "multi": false, 
      "parameter_type": "text", 
      "variable": "tokenId", 
      "parameter": true, 
      "order": 2, 
      "description": "System.String"
    }
  }, 
  {
    "pk": 424, 
    "model": "workflows.abstractinput", 
    "fields": {
      "widget": 172, 
      "name": "Stem Feature Name", 
      "short_name": "str", 
      "uid": "686e457b-9e5d-4a64-aa0a-f82b554fa977", 
      "default": "stem", 
      "required": true, 
      "multi": false, 
      "parameter_type": "text", 
      "variable": "stemId", 
      "parameter": true, 
      "order": 3, 
      "description": "System.String"
    }
  }, 
  {
    "pk": 425, 
    "model": "workflows.abstractinput", 
    "fields": {
      "widget": 172, 
      "name": "Stopword Feature Name", 
      "short_name": "str", 
      "uid": "b5ca48ce-85e7-4192-b175-f12e506e4dbc", 
      "default": "stopword", 
      "required": true, 
      "multi": false, 
      "parameter_type": "text", 
      "variable": "stopwordId", 
      "parameter": true, 
      "order": 4, 
      "description": "System.String"
    }
  }, 
  {
    "pk": 426, 
    "model": "workflows.abstractinput", 
    "fields": {
      "widget": 172, 
      "name": "Label Document Feature Name", 
      "short_name": "str", 
      "uid": "1116208b-cf40-4de9-9253-2eeb99eed1f7", 
      "default": "label", 
      "required": true, 
      "multi": false, 
      "parameter_type": "text", 
      "variable": "labelId", 
      "parameter": true, 
      "order": 5, 
      "description": "System.String"
    }
  }, 
  {
    "pk": 427, 
    "model": "workflows.abstractinput", 
    "fields": {
      "widget": 172, 
      "name": "Maximum N-Gram Length", 
      "short_name": "int", 
      "uid": "f67756f7-6e1d-419c-b766-75ee38a766d1", 
      "default": "2", 
      "required": true, 
      "multi": false, 
      "parameter_type": "text", 
      "variable": "maxNGramLen", 
      "parameter": true, 
      "order": 6, 
      "description": "System.Int32"
    }
  }, 
  {
    "pk": 428, 
    "model": "workflows.abstractinput", 
    "fields": {
      "widget": 172, 
      "name": "Minimum Word Freqency", 
      "short_name": "dbl", 
      "uid": "c3f73c01-adc5-4c1b-b70f-b302dba2faf3", 
      "default": "5", 
      "required": true, 
      "multi": false, 
      "parameter_type": "text", 
      "variable": "minWordFreq", 
      "parameter": true, 
      "order": 7, 
      "description": "System.Int32"
    }
  }, 
  {
    "pk": 429, 
    "model": "workflows.abstractinput", 
    "fields": {
      "widget": 172, 
      "name": "Word Weighting Type", 
      "short_name": "wwt", 
      "uid": "2b646850-585b-4ed7-aa70-ea0f6050e207", 
      "default": "TfIdf", 
      "required": true, 
      "multi": false, 
      "parameter_type": "select", 
      "variable": "wordWeightType", 
      "parameter": true, 
      "order": 8, 
      "description": "Latino.TextMining.WordWeightType"
    }
  }, 
  {
    "pk": 430, 
    "model": "workflows.abstractinput", 
    "fields": {
      "widget": 172, 
      "name": "Cut Low Weights Percentage", 
      "short_name": "dbl", 
      "uid": "06b45eac-4346-4167-8dd6-041e483d2be4", 
      "default": "0.2", 
      "required": true, 
      "multi": false, 
      "parameter_type": "text", 
      "variable": "cutLowWeightsPerc", 
      "parameter": true, 
      "order": 9, 
      "description": "System.Double"
    }
  }, 
  {
    "pk": 431, 
    "model": "workflows.abstractinput", 
    "fields": {
      "widget": 172, 
      "name": "Normalize Vectors", 
      "short_name": "bol", 
      "uid": "c864e2cd-665d-4cda-bbb7-a2b63885371c", 
      "default": "true", 
      "required": true, 
      "multi": false, 
      "parameter_type": "checkbox", 
      "variable": "normalizeVectors", 
      "parameter": true, 
      "order": 10, 
      "description": "System.Boolean"
    }
  }, 
  {
    "pk": 172, 
    "model": "workflows.abstractoutput", 
    "fields": {
      "widget": 172, 
      "name": "Bag of Words Model", 
      "short_name": "bow", 
      "variable": "bow", 
      "uid": "ab156b78-7b84-4aae-a530-ca0400608e0d", 
      "order": 1, 
      "description": ""
    }
  }, 
  {
    "pk": 173, 
    "model": "workflows.abstractoutput", 
    "fields": {
      "widget": 172, 
      "name": "Dataset", 
      "short_name": "ds", 
      "variable": "ds", 
      "uid": "df4f880a-cbaf-408f-a985-0cfa29fa6a6e", 
      "order": 2, 
      "description": ""
    }
  }, 
  {
    "pk": 37, 
    "model": "workflows.category", 
    "fields": {
      "uid": "57cfe571-165d-4575-90d9-28daf794e773", 
      "parent": null, 
      "workflow": null, 
      "user": null, 
      "order": 6, 
      "name": "Dataset"
    }
  }, 
  {
    "pk": 178, 
    "model": "workflows.abstractwidget", 
    "fields": {
      "category": 37, 
      "treeview_image": "", 
      "name": "Add Labels", 
      "is_streaming": false, 
      "uid": "37acf878-eea5-4d81-9b60-bcfd6dd7ed51", 
      "interaction_view": "", 
      "image": "", 
      "package": "nltoolkit", 
      "static_image": "dataset_add_labels_image.png", 
      "windows_queue": false, 
      "post_interact_action": "", 
      "user": null, 
      "visualization_view": "", 
      "streaming_visualization_view": "", 
      "action": "add_labels_to_document_vectors", 
      "wsdl_method": "", 
      "wsdl": "", 
      "interactive": false, 
      "has_progress_bar": false, 
      "order": 1, 
      "description": "Automatically generated widget from function AddLabelsToDocumentVectors in package latino. The original function signature: AddLabelsToDocumentVectors."
    }
  }, 
  {
    "pk": 445, 
    "model": "workflows.abstractinput", 
    "fields": {
      "widget": 178, 
      "name": "Dataset", 
      "short_name": "ds", 
      "uid": "9f466a6e-1a73-4cd5-8ae5-1bf634daaefc", 
      "default": "", 
      "required": true, 
      "multi": false, 
      "parameter_type": null, 
      "variable": "ds", 
      "parameter": false, 
      "order": 1, 
      "description": "Latino.Model.LabeledDataset`2[[System.String, mscorlib, Version=4.0.0.0, Culture=neutral, PublicKeyToken=b77a5c561934e089],[Latino.SparseVector`1[[System.Double, mscorlib, Version=4.0.0.0, Culture=neutral, PublicKeyToken=b77a5c561934e089]], Latino, Version=1.0.0.0, Culture=neutral, PublicKeyToken=null]]"
    }
  }, 
  {
    "pk": 446, 
    "model": "workflows.abstractinput", 
    "fields": {
      "widget": 178, 
      "name": "Labeles (Array of Strings)", 
      "short_name": "str", 
      "uid": "eb8485af-ea8c-4feb-ae41-dbb76a52a807", 
      "default": "", 
      "required": true, 
      "multi": false, 
      "parameter_type": "textarea", 
      "variable": "labels", 
      "parameter": false, 
      "order": 2, 
      "description": "System.Collections.Generic.List`1[[System.String, mscorlib, Version=4.0.0.0, Culture=neutral, PublicKeyToken=b77a5c561934e089]]"
    }
  }, 
  {
    "pk": 178, 
    "model": "workflows.abstractoutput", 
    "fields": {
      "widget": 178, 
      "name": "Dataset", 
      "short_name": "ds", 
      "variable": "ds", 
      "uid": "a5f5d324-1f48-4223-911a-889736b53a90", 
      "order": 1, 
      "description": ""
    }
  }, 
  {
    "pk": 38, 
    "model": "workflows.category", 
    "fields": {
      "uid": "5a2a3054-1e34-4e51-851e-85baaee020d4", 
      "parent": null, 
      "workflow": null, 
      "user": null, 
      "order": 7, 
      "name": "Similarity Matrix"
    }
  }, 
  {
    "pk": 176, 
    "model": "workflows.abstractwidget", 
    "fields": {
      "category": 38, 
      "treeview_image": "", 
      "name": "Calculate Similarity Matrix", 
      "is_streaming": false, 
      "uid": "911c9ae2-ff54-437b-bd18-faba2d010473", 
      "interaction_view": "", 
      "image": "", 
      "package": "nltoolkit", 
      "static_image": "calc_sim_matrix_image.png", 
      "windows_queue": false, 
      "post_interact_action": "", 
      "user": null, 
      "visualization_view": "", 
      "streaming_visualization_view": "", 
      "action": "calculate_similarity_matrix", 
      "wsdl_method": "", 
      "wsdl": "", 
      "interactive": false, 
      "has_progress_bar": false, 
      "order": 1, 
      "description": "Automatically generated widget from function CalculateSimilarityMatrix in package latino. The original function signature: CalculateSimilarityMatrix."
    }
  }, 
  {
    "pk": 440, 
    "model": "workflows.abstractinput", 
    "fields": {
      "widget": 176, 
      "name": "Dataset", 
      "short_name": "ds", 
      "uid": "835ffa43-4cfc-48e4-a2d7-71cc01c47205", 
      "default": "", 
      "required": true, 
      "multi": false, 
      "parameter_type": null, 
      "variable": "ds1", 
      "parameter": false, 
      "order": 1, 
      "description": "Latino.Model.IUnlabeledExampleCollection`1[[Latino.SparseVector`1[[System.Double, mscorlib, Version=4.0.0.0, Culture=neutral, PublicKeyToken=b77a5c561934e089]], Latino, Version=1.0.0.0, Culture=neutral, PublicKeyToken=null]]"
    }
  }, 
  {
    "pk": 441, 
    "model": "workflows.abstractinput", 
    "fields": {
      "widget": 176, 
      "name": "Dataset", 
      "short_name": "ds", 
      "uid": "507a7bad-c956-49c6-9deb-c9cfd4a6b471", 
      "default": "", 
      "required": true, 
      "multi": false, 
      "parameter_type": null, 
      "variable": "ds2", 
      "parameter": false, 
      "order": 2, 
      "description": "Latino.Model.IUnlabeledExampleCollection`1[[Latino.SparseVector`1[[System.Double, mscorlib, Version=4.0.0.0, Culture=neutral, PublicKeyToken=b77a5c561934e089]], Latino, Version=1.0.0.0, Culture=neutral, PublicKeyToken=null]]"
    }
  }, 
  {
    "pk": 442, 
    "model": "workflows.abstractinput", 
    "fields": {
      "widget": 176, 
      "name": "Similarity Threshold", 
      "short_name": "dbl", 
      "uid": "f31d1331-576c-4b39-940f-4ecb4395c83b", 
      "default": "0", 
      "required": true, 
      "multi": false, 
      "parameter_type": "text", 
      "variable": "thresh", 
      "parameter": true, 
      "order": 3, 
      "description": "System.Double"
    }
  }, 
  {
    "pk": 443, 
    "model": "workflows.abstractinput", 
    "fields": {
      "widget": 176, 
      "name": "Full Matrix (not only Lower Triangular)", 
      "short_name": "bol", 
      "uid": "7125b9d7-c961-4fa1-8acf-4c99207f641b", 
      "default": "true", 
      "required": true, 
      "multi": false, 
      "parameter_type": "checkbox", 
      "variable": "fullMatrix", 
      "parameter": true, 
      "order": 4, 
      "description": "System.Boolean"
    }
  }, 
  {
    "pk": 177, 
    "model": "workflows.abstractoutput", 
    "fields": {
      "widget": 176, 
      "name": "Similarity Matrix", 
      "short_name": "smx", 
      "variable": "smx", 
      "uid": "0e9ff5c7-cdbb-4032-9ba3-43f7058698e6", 
      "order": 1, 
      "description": ""
    }
  }, 
  {
    "pk": 39, 
    "model": "workflows.category", 
    "fields": {
      "uid": "9571d766-09a1-4e85-9f13-974c76c15f9e", 
      "parent": null, 
      "workflow": null, 
      "user": null, 
      "order": 8, 
      "name": "Clustering"
    }
  }, 
  {
    "pk": 174, 
    "model": "workflows.abstractwidget", 
    "fields": {
      "category": 39, 
      "treeview_image": "", 
      "name": "Clustering Hub", 
      "is_streaming": false, 
      "uid": "b629bfea-c17c-4f2b-aefd-fee02ae53c4a", 
      "interaction_view": "", 
      "image": "", 
      "package": "nltoolkit", 
      "static_image": "clustering_hub_image.png", 
      "windows_queue": false, 
      "post_interact_action": "", 
      "user": null, 
      "visualization_view": "", 
      "streaming_visualization_view": "", 
      "action": "clustering_hub", 
      "wsdl_method": "", 
      "wsdl": "", 
      "interactive": false, 
      "has_progress_bar": false, 
      "order": 4, 
      "description": "Automatically generated widget from function ClusterDocumentVectors in package latino. The original function signature: ClusterDocumentVectors."
    }
  }, 
  {
    "pk": 436, 
    "model": "workflows.abstractinput", 
    "fields": {
      "widget": 174, 
      "name": "Clusterer", 
      "short_name": "cls", 
      "uid": "9b362e6d-4db5-4a4b-aa6e-a13300733ca4", 
      "default": "", 
      "required": true, 
      "multi": false, 
      "parameter_type": null, 
      "variable": "clusterer", 
      "parameter": false, 
      "order": 1, 
      "description": "LatinoClowdFlows.IClusterer"
    }
  }, 
  {
    "pk": 437, 
    "model": "workflows.abstractinput", 
    "fields": {
      "widget": 174, 
      "name": "Dataset", 
      "short_name": "ds", 
      "uid": "110f77eb-23f5-428a-86f5-e3ad0065af64", 
      "default": "", 
      "required": true, 
      "multi": false, 
      "parameter_type": null, 
      "variable": "dataset", 
      "parameter": false, 
      "order": 2, 
      "description": "Latino.Model.IUnlabeledExampleCollection`1[[Latino.SparseVector`1[[System.Double, mscorlib, Version=4.0.0.0, Culture=neutral, PublicKeyToken=b77a5c561934e089]], Latino, Version=1.0.0.0, Culture=neutral, PublicKeyToken=null]]"
    }
  }, 
  {
    "pk": 175, 
    "model": "workflows.abstractoutput", 
    "fields": {
      "widget": 174, 
      "name": "Clustering Results", 
      "short_name": "cr", 
      "variable": "clustRes", 
      "uid": "f6026cc2-425c-418e-a7bb-4dc818f3681d", 
      "order": 1, 
      "description": ""
    }
  }, 
  {
    "pk": 40, 
    "model": "workflows.category", 
    "fields": {
      "uid": "46050a99-188d-40e1-90e5-0c1912059fa7", 
      "parent": null, 
      "workflow": null, 
      "user": null, 
      "order": 9, 
      "name": "Classification"
    }
  }, 
  {
    "pk": 175, 
    "model": "workflows.abstractwidget", 
    "fields": {
      "category": 40, 
      "treeview_image": "", 
      "name": "Train Classifier Hub", 
      "is_streaming": false, 
      "uid": "bbcab045-e896-4cb6-b111-c0324423367b", 
      "interaction_view": "", 
      "image": "", 
      "package": "nltoolkit", 
      "static_image": "classifier_train_image.png", 
      "windows_queue": false, 
      "post_interact_action": "", 
      "user": null, 
      "visualization_view": "", 
      "streaming_visualization_view": "", 
      "action": "train_classifier", 
      "wsdl_method": "", 
      "wsdl": "", 
      "interactive": false, 
      "has_progress_bar": false, 
      "order": 15, 
      "description": "Automatically generated widget from function TrainClassifier in package latino. The original function signature: TrainClassifier."
    }
  }, 
  {
    "pk": 438, 
    "model": "workflows.abstractinput", 
    "fields": {
      "widget": 175, 
      "name": "Classifier", 
      "short_name": "csf", 
      "uid": "d483dc98-f0a1-4e60-af44-2ab085741966", 
      "default": "", 
      "required": true, 
      "multi": false, 
      "parameter_type": null, 
      "variable": "csf", 
      "parameter": false, 
      "order": 1, 
      "description": "Latino.Model.IModel`1[[System.String, mscorlib, Version=4.0.0.0, Culture=neutral, PublicKeyToken=b77a5c561934e089]]"
    }
  }, 
  {
    "pk": 439, 
    "model": "workflows.abstractinput", 
    "fields": {
      "widget": 175, 
      "name": "Dataset", 
      "short_name": "ds", 
      "uid": "a1d6b382-7850-423d-8bdd-8f4fad43c9ec", 
      "default": "", 
      "required": true, 
      "multi": false, 
      "parameter_type": null, 
      "variable": "ds", 
      "parameter": false, 
      "order": 2, 
      "description": "Latino.Model.LabeledDataset`2[[System.String, mscorlib, Version=4.0.0.0, Culture=neutral, PublicKeyToken=b77a5c561934e089],[Latino.SparseVector`1[[System.Double, mscorlib, Version=4.0.0.0, Culture=neutral, PublicKeyToken=b77a5c561934e089]], Latino, Version=1.0.0.0, Culture=neutral, PublicKeyToken=null]]"
    }
  }, 
  {
    "pk": 176, 
    "model": "workflows.abstractoutput", 
    "fields": {
      "widget": 175, 
      "name": "Classifier", 
      "short_name": "csf", 
      "variable": "csf", 
      "uid": "a2b2903a-3ca6-4854-9f1b-dc10fe353273", 
      "order": 1, 
      "description": ""
    }
  }
]